#usda 1.0
(
    fallbackPrimTypes = {
        token[] AecoFacility = ["Xform"]
        token[] AecoFacilityPart = ["Xform"]
        token[] AecoLevel = ["Xform"]
        token[] AecoPort = ["Xform"]
        token[] AecoSite = ["Xform"]
        token[] AecoSpace = ["Xform"]
        token[] AecoSystem = ["Scope"]
        token[] AecoZone = ["Scope"]
        token[] BrepArray = ["Xform"]
    }
    metersPerUnit = 1
    upAxis = "Z"
)

def "demo_datacentre_01"
{
    def "demo_datacentre_01_Site"
    {
        def "demo_datacentre_01"
        {
            def "L01_Office"
            {
                def "Office_Corridor_L01"
                {
                    def "Corridor_ceiling_void"
                    {
                        def "tray_void_ocorr_1"
                        {
                            def Mesh "Body" (
                                prepend apiSchemas = ["AecoDerivedGeometryAPI"]
                            )
                            {
                                uniform token aeco:derived:approx = "tessellated"
                                rel aeco:derived:from = </demo_datacentre_01/demo_datacentre_01_Site/demo_datacentre_01/L01_Office/Office_Corridor_L01/Corridor_ceiling_void/tray_void_ocorr_1/BodyExact>
                                uniform token aeco:derived:role = "body"
                                string aeco:derived:source = "2df12127-2bce-58a4-b767-5f0747057b63"
                                string aeco:derived:stamp = "aeco-ifc-exact 0.2.0 source=35a4fa358c76ebf4fef971b40366f19cc4afc49f2debb07e40188ba1acc9f802"
                                double aeco:derived:tolerance = 0.0001
                                uniform bool doubleSided = 1
                                float3[] extent = [(16, -1.65, 6.75), (29, -1.35, 6.85)]
                                int[] faceVertexCounts = [3, 3, 3, 3, 3, 3, 3, 3, 3, 3, 3, 3]
                                int[] faceVertexIndices = [1, 0, 3, 2, 1, 3, 4, 5, 7, 6, 4, 7, 8, 9, 11, 10, 8, 11, 12, 13, 15, 14, 12, 15, 16, 17, 18, 17, 19, 18, 22, 20, 21, 22, 23, 20]
                                point3f[] points = [(16, -1.65, 6.75), (29, -1.65, 6.75), (29, -1.35, 6.75), (16, -1.35, 6.75), (29, -1.35, 6.75), (16, -1.35, 6.75), (29, -1.35, 6.85), (16, -1.35, 6.85), (29, -1.35, 6.85), (16, -1.35, 6.85), (29, -1.65, 6.85), (16, -1.65, 6.85), (29, -1.65, 6.85), (16, -1.65, 6.85), (29, -1.65, 6.75), (16, -1.65, 6.75), (16, -1.35, 6.75), (16, -1.65, 6.75), (16, -1.35, 6.85), (16, -1.65, 6.85), (29, -1.65, 6.75), (29, -1.35, 6.75), (29, -1.35, 6.85), (29, -1.65, 6.85)]
                                color3f[] primvars:displayColor = [(0.72, 0.77, 0.8)]
                                uniform token purpose = "proxy"
                                uniform token subdivisionScheme = "none"
                                uniform token subsetFamily:materialBind:familyType = "partition"
                                matrix4d xformOp:transform = ( (1, 0, 0, 0), (0, 1, 0, 0), (0, 0, 1, 0), (0, 0, 0, 1) )
                                uniform token[] xformOpOrder = ["xformOp:transform"]

                                def GeomSubset "Material_0" (
                                    prepend apiSchemas = ["MaterialBindingAPI"]
                                )
                                {
                                    uniform token elementType = "face"
                                    uniform token familyName = "materialBind"
                                    int[] indices = [0, 1, 2, 3, 4, 5, 6, 7, 8, 9, 10, 11]
                                    rel material:binding = </ExactMaterials/m_9a001bef363f28cc>
                                }
                            }

                            def BasisCurves "Edges" (
                                prepend apiSchemas = ["AecoDerivedGeometryAPI"]
                            )
                            {
                                uniform token aeco:derived:approx = "arcSegmented"
                                rel aeco:derived:from = </demo_datacentre_01/demo_datacentre_01_Site/demo_datacentre_01/L01_Office/Office_Corridor_L01/Corridor_ceiling_void/tray_void_ocorr_1/BodyExact>
                                uniform token aeco:derived:role = "wireframe"
                                string aeco:derived:source = "2df12127-2bce-58a4-b767-5f0747057b63"
                                string aeco:derived:stamp = "aeco-ifc-exact 0.2.0 source=35a4fa358c76ebf4fef971b40366f19cc4afc49f2debb07e40188ba1acc9f802"
                                double aeco:derived:tolerance = 0.0001
                                int[] curveVertexCounts = [2, 2, 2, 2, 2, 2, 2, 2, 2, 2, 2, 2]
                                point3f[] points = [(16, -1.65, 6.75), (29, -1.65, 6.75), (29, -1.65, 6.75), (29, -1.35, 6.75), (29, -1.35, 6.75), (16, -1.35, 6.75), (16, -1.35, 6.75), (16, -1.65, 6.75), (29, -1.35, 6.75), (29, -1.35, 6.85), (29, -1.35, 6.85), (16, -1.35, 6.85), (16, -1.35, 6.85), (16, -1.35, 6.75), (29, -1.35, 6.85), (29, -1.65, 6.85), (29, -1.65, 6.85), (16, -1.65, 6.85), (16, -1.65, 6.85), (16, -1.35, 6.85), (29, -1.65, 6.85), (29, -1.65, 6.75), (16, -1.65, 6.75), (16, -1.65, 6.85)]
                                color3f[] primvars:displayColor = [(0.04, 0.08, 0.12)]
                                uniform token purpose = "guide"
                                uniform token type = "linear"
                                float[] widths = [0.004] (
                                    interpolation = "constant"
                                )
                                uniform token wrap = "nonperiodic"
                                matrix4d xformOp:transform = ( (1, 0, 0, 0), (0, 1, 0, 0), (0, 0, 1, 0), (0, 0, 0, 1) )
                                uniform token[] xformOpOrder = ["xformOp:transform"]
                            }

                            over "Geom"
                            {
                                token visibility = "invisible"
                            }
                        }

                        def "pipe_clash_hard"
                        {
                            def Mesh "Body" (
                                prepend apiSchemas = ["AecoDerivedGeometryAPI"]
                            )
                            {
                                uniform token aeco:derived:approx = "tessellated"
                                rel aeco:derived:from = </demo_datacentre_01/demo_datacentre_01_Site/demo_datacentre_01/L01_Office/Office_Corridor_L01/Corridor_ceiling_void/pipe_clash_hard/BodyExact>
                                uniform token aeco:derived:role = "body"
                                string aeco:derived:source = "5c1bcae1-aed8-5d1a-bffe-e8eb8bc50f6f"
                                string aeco:derived:stamp = "aeco-ifc-exact 0.2.0 source=de1285528a101946119c4e9b30a8accc6da88ce3e700c3aa5b47031de442997b"
                                double aeco:derived:tolerance = 0.0001
                                uniform bool doubleSided = 1
                                float3[] extent = [(23.96985, -4, 6.769853), (24.03015, -2, 6.830147)]
                                int[] faceVertexCounts = [3, 3, 3, 3, 3, 3, 3, 3, 3, 3, 3, 3, 3, 3, 3, 3, 3, 3, 3, 3, 3, 3, 3, 3, 3, 3, 3, 3, 3, 3, 3, 3, 3, 3, 3, 3, 3, 3, 3, 3, 3, 3, 3, 3, 3, 3, 3, 3, 3, 3, 3, 3, 3, 3, 3, 3, 3, 3, 3, 3, 3, 3, 3, 3, 3, 3, 3, 3, 3, 3, 3, 3, 3, 3, 3, 3, 3, 3, 3, 3, 3, 3, 3, 3, 3, 3, 3, 3, 3, 3, 3, 3, 3, 3, 3, 3, 3, 3, 3, 3, 3, 3, 3, 3, 3, 3, 3, 3, 3, 3, 3, 3, 3, 3, 3, 3, 3, 3, 3, 3, 3, 3, 3, 3, 3, 3, 3, 3, 3, 3, 3, 3, 3, 3, 3, 3, 3, 3, 3, 3, 3, 3, 3, 3, 3, 3, 3, 3, 3, 3, 3, 3, 3, 3, 3, 3, 3, 3, 3, 3, 3, 3, 3, 3, 3, 3, 3, 3, 3, 3, 3, 3, 3, 3, 3, 3, 3, 3, 3, 3, 3, 3, 3, 3, 3, 3, 3, 3, 3, 3, 3, 3, 3, 3, 3, 3, 3, 3, 3, 3, 3, 3, 3, 3, 3, 3, 3, 3, 3, 3, 3, 3, 3, 3, 3, 3, 3, 3, 3, 3, 3, 3, 3, 3, 3, 3, 3, 3, 3, 3, 3, 3, 3, 3, 3, 3, 3, 3, 3, 3, 3, 3, 3, 3, 3, 3, 3, 3, 3, 3, 3, 3, 3, 3, 3, 3, 3, 3, 3, 3, 3, 3, 3, 3, 3, 3, 3, 3, 3, 3, 3, 3, 3, 3, 3, 3, 3, 3, 3, 3, 3, 3, 3, 3, 3, 3, 3, 3, 3, 3, 3, 3, 3, 3, 3, 3, 3, 3, 3, 3, 3, 3, 3, 3, 3, 3, 3, 3, 3, 3, 3, 3, 3, 3, 3, 3, 3, 3, 3, 3, 3, 3, 3, 3, 3, 3, 3, 3, 3, 3, 3, 3, 3, 3, 3, 3, 3, 3, 3, 3, 3, 3, 3, 3, 3, 3, 3, 3, 3, 3, 3, 3, 3, 3, 3, 3, 3, 3, 3, 3, 3, 3, 3, 3, 3, 3, 3, 3, 3, 3, 3, 3, 3, 3, 3, 3, 3, 3, 3, 3, 3, 3, 3, 3, 3, 3, 3, 3, 3, 3, 3, 3, 3, 3, 3, 3, 3, 3, 3, 3, 3, 3, 3, 3, 3, 3, 3, 3, 3, 3, 3, 3, 3, 3, 3, 3, 3, 3, 3, 3, 3, 3, 3, 3, 3, 3, 3, 3, 3, 3, 3, 3, 3, 3, 3, 3, 3, 3, 3, 3, 3, 3, 3, 3, 3, 3, 3, 3, 3, 3, 3, 3, 3, 3, 3, 3, 3, 3, 3, 3, 3, 3, 3, 3, 3, 3, 3, 3, 3, 3, 3, 3, 3, 3, 3, 3, 3, 3, 3, 3, 3, 3, 3, 3, 3, 3, 3, 3, 3, 3, 3, 3, 3, 3, 3, 3, 3, 3, 3, 3, 3, 3, 3, 3, 3, 3, 3, 3, 3, 3, 3, 3, 3, 3, 3, 3, 3, 3, 3, 3, 3, 3, 3, 3, 3, 3, 3, 3, 3, 3, 3, 3, 3, 3, 3, 3, 3, 3, 3, 3, 3, 3, 3, 3, 3, 3, 3, 3, 3, 3, 3, 3, 3, 3, 3, 3, 3, 3, 3, 3, 3, 3, 3, 3, 3, 3, 3, 3, 3, 3, 3, 3, 3, 3, 3, 3, 3, 3, 3, 3, 3, 3, 3, 3, 3, 3, 3, 3]
                                int[] faceVertexIndices = [148, 149, 74, 148, 74, 73, 147, 148, 73, 147, 73, 72, 146, 147, 72, 146, 71, 70, 146, 72, 71, 145, 146, 70, 144, 70, 69, 144, 145, 70, 143, 69, 68, 143, 144, 69, 142, 68, 67, 142, 143, 68, 141, 67, 66, 141, 142, 67, 140, 66, 65, 140, 141, 66, 139, 65, 64, 139, 140, 65, 138, 63, 62, 138, 64, 63, 138, 139, 64, 137, 138, 62, 136, 137, 62, 136, 61, 60, 136, 62, 61, 135, 136, 60, 135, 60, 59, 134, 135, 59, 133, 134, 59, 133, 59, 58, 132, 133, 58, 132, 57, 56, 132, 58, 57, 131, 132, 56, 130, 131, 56, 130, 56, 55, 129, 130, 55, 129, 54, 53, 129, 55, 54, 128, 129, 53, 128, 53, 52, 127, 128, 52, 127, 52, 51, 126, 127, 51, 125, 50, 49, 125, 51, 50, 125, 126, 51, 124, 49, 48, 124, 125, 49, 123, 124, 48, 122, 48, 47, 122, 123, 48, 121, 47, 46, 121, 122, 47, 120, 46, 45, 120, 121, 46, 119, 44, 43, 119, 45, 44, 119, 120, 45, 118, 119, 43, 117, 43, 42, 117, 118, 43, 116, 42, 41, 116, 117, 42, 115, 41, 40, 115, 116, 41, 114, 40, 39, 114, 115, 40, 113, 39, 38, 113, 114, 39, 112, 113, 38, 112, 37, 36, 112, 38, 37, 111, 112, 36, 110, 111, 36, 110, 35, 34, 110, 36, 35, 109, 110, 34, 108, 109, 34, 108, 34, 33, 107, 108, 33, 107, 32, 31, 107, 33, 32, 106, 107, 31, 105, 106, 31, 105, 31, 30, 104, 29, 28, 104, 30, 29, 104, 105, 30, 103, 104, 28, 102, 28, 27, 102, 103, 28, 101, 27, 26, 101, 102, 27, 100, 25, 24, 100, 26, 25, 100, 101, 26, 99, 100, 24, 98, 24, 23, 98, 99, 24, 97, 23, 22, 97, 98, 23, 96, 22, 21, 96, 97, 22, 95, 20, 19, 95, 21, 20, 95, 96, 21, 94, 19, 18, 94, 95, 19, 93, 94, 18, 92, 18, 17, 92, 93, 18, 91, 17, 16, 91, 92, 17, 90, 16, 15, 90, 91, 16, 89, 14, 13, 89, 15, 14, 89, 90, 15, 88, 89, 13, 87, 13, 12, 87, 88, 13, 86, 87, 12, 86, 12, 11, 85, 86, 11, 85, 11, 10, 84, 10, 9, 84, 85, 10, 83, 8, 7, 83, 9, 8, 83, 84, 9, 82, 83, 7, 81, 7, 6, 81, 82, 7, 80, 5, 4, 80, 6, 5, 80, 81, 6, 79, 80, 4, 78, 4, 3, 78, 79, 4, 77, 3, 2, 77, 78, 3, 76, 2, 1, 76, 77, 2, 75, 1, 0, 75, 76, 1, 223, 225, 299, 223, 224, 225, 222, 299, 298, 222, 223, 299, 221, 298, 297, 221, 222, 298, 220, 297, 296, 220, 221, 297, 219, 296, 295, 219, 220, 296, 218, 294, 293, 218, 295, 294, 218, 219, 295, 217, 293, 292, 217, 218, 293, 216, 217, 292, 215, 292, 291, 215, 216, 292, 214, 291, 290, 214, 215, 291, 213, 290, 289, 213, 214, 290, 212, 213, 289, 212, 289, 288, 211, 212, 288, 211, 287, 286, 211, 288, 287, 210, 211, 286, 209, 210, 286, 209, 286, 285, 208, 209, 285, 208, 285, 284, 207, 208, 284, 207, 283, 282, 207, 284, 283, 206, 207, 282, 205, 282, 281, 205, 206, 282, 204, 280, 279, 204, 281, 280, 204, 205, 281, 203, 279, 278, 203, 204, 279, 202, 203, 278, 201, 278, 277, 201, 202, 278, 200, 276, 275, 200, 277, 276, 200, 201, 277, 199, 275, 274, 199, 200, 275, 198, 199, 274, 197, 274, 273, 197, 198, 274, 196, 273, 272, 196, 197, 273, 195, 272, 271, 195, 196, 272, 194, 271, 270, 194, 195, 271, 193, 270, 269, 193, 194, 270, 192, 268, 267, 192, 269, 268, 192, 193, 269, 191, 192, 267, 190, 267, 266, 190, 191, 267, 189, 266, 265, 189, 190, 266, 188, 265, 264, 188, 189, 265, 187, 188, 264, 187, 263, 262, 187, 264, 263, 186, 187, 262, 186, 262, 261, 185, 261, 260, 185, 186, 261, 184, 185, 260, 183, 260, 259, 183, 184, 260, 182, 259, 258, 182, 183, 259, 181, 258, 257, 181, 182, 258, 180, 256, 255, 180, 257, 256, 180, 181, 257, 179, 180, 255, 178, 254, 253, 178, 255, 254, 178, 179, 255, 177, 178, 253, 176, 253, 252, 176, 177, 253, 175, 252, 251, 175, 176, 252, 175, 251, 250, 174, 175, 250, 173, 174, 250, 173, 249, 248, 173, 250, 249, 172, 173, 248, 171, 172, 248, 171, 247, 246, 171, 248, 247, 170, 171, 246, 169, 170, 246, 169, 246, 245, 168, 169, 245, 168, 244, 243, 168, 245, 244, 167, 168, 243, 166, 167, 243, 166, 243, 242, 165, 241, 240, 165, 242, 241, 165, 166, 242, 164, 165, 240, 163, 239, 238, 163, 240, 239, 163, 164, 240, 162, 163, 238, 161, 162, 238, 161, 238, 237, 160, 161, 237, 160, 237, 236, 159, 160, 236, 159, 236, 235, 158, 159, 235, 158, 235, 234, 157, 158, 234, 157, 233, 232, 157, 234, 233, 156, 157, 232, 155, 156, 232, 155, 231, 230, 155, 232, 231, 154, 155, 230, 153, 154, 230, 153, 230, 229, 152, 153, 229, 152, 229, 228, 151, 152, 228, 151, 228, 227, 150, 151, 227, 150, 227, 226, 301, 300, 318, 302, 301, 318, 303, 302, 318, 304, 303, 318, 305, 304, 318, 306, 305, 318, 307, 306, 318, 308, 307, 318, 309, 308, 318, 310, 309, 318, 311, 310, 318, 312, 311, 318, 313, 312, 318, 314, 313, 318, 315, 314, 318, 316, 315, 318, 317, 316, 318, 320, 319, 318, 321, 320, 318, 322, 321, 318, 323, 322, 318, 324, 323, 318, 325, 324, 318, 326, 325, 318, 327, 326, 318, 328, 327, 318, 329, 328, 318, 330, 329, 318, 331, 330, 318, 332, 331, 318, 333, 332, 318, 334, 333, 318, 335, 334, 318, 336, 335, 318, 337, 336, 318, 338, 337, 318, 339, 338, 318, 340, 339, 318, 341, 340, 318, 342, 341, 318, 343, 342, 318, 344, 343, 318, 345, 344, 318, 346, 345, 318, 347, 346, 318, 348, 347, 318, 349, 348, 318, 350, 349, 318, 351, 350, 318, 352, 351, 318, 353, 352, 318, 354, 353, 318, 355, 354, 318, 356, 355, 318, 357, 356, 318, 358, 357, 318, 359, 358, 318, 360, 359, 318, 361, 360, 318, 362, 361, 318, 363, 362, 318, 364, 363, 318, 365, 364, 318, 366, 365, 318, 367, 366, 318, 368, 367, 318, 369, 368, 318, 370, 369, 318, 371, 370, 318, 372, 371, 318, 373, 372, 318, 374, 373, 318, 375, 374, 318, 376, 375, 318, 377, 376, 318, 378, 377, 318, 379, 378, 318, 380, 379, 318, 381, 380, 318, 382, 381, 318, 383, 382, 318, 384, 383, 318, 385, 384, 318, 386, 385, 318, 387, 386, 318, 388, 387, 318, 389, 388, 318, 390, 389, 318, 391, 390, 318, 392, 391, 318, 393, 392, 318, 394, 393, 318, 395, 394, 318, 396, 395, 318, 397, 396, 318, 398, 397, 318, 399, 398, 318, 400, 399, 318, 401, 400, 318, 402, 401, 318, 403, 402, 318, 404, 403, 318, 405, 404, 318, 406, 405, 318, 407, 406, 318, 408, 407, 318, 409, 408, 318, 410, 409, 318, 411, 410, 318, 412, 411, 318, 413, 412, 318, 414, 413, 318, 415, 414, 318, 416, 415, 318, 417, 416, 318, 418, 417, 318, 419, 418, 318, 420, 419, 318, 421, 420, 318, 422, 421, 318, 423, 422, 318, 424, 423, 318, 425, 424, 318, 426, 425, 318, 427, 426, 318, 428, 427, 318, 429, 428, 318, 430, 429, 318, 431, 430, 318, 432, 431, 318, 433, 432, 318, 434, 433, 318, 435, 434, 318, 436, 435, 318, 437, 436, 318, 438, 437, 318, 439, 438, 318, 440, 439, 318, 441, 440, 318, 442, 441, 318, 443, 442, 318, 444, 443, 318, 445, 444, 318, 446, 445, 318, 447, 446, 318, 300, 447, 318, 466, 448, 449, 466, 449, 450, 466, 450, 451, 466, 451, 452, 466, 452, 453, 466, 453, 454, 466, 454, 455, 466, 455, 456, 466, 456, 457, 466, 457, 458, 466, 458, 459, 466, 459, 460, 466, 460, 461, 466, 461, 462, 466, 462, 463, 466, 463, 464, 466, 464, 465, 466, 467, 468, 466, 468, 469, 466, 469, 470, 466, 470, 471, 466, 471, 472, 466, 472, 473, 466, 473, 474, 466, 474, 475, 466, 475, 476, 466, 476, 477, 466, 477, 478, 466, 478, 479, 466, 479, 480, 466, 480, 481, 466, 481, 482, 466, 482, 483, 466, 483, 484, 466, 484, 485, 466, 485, 486, 466, 486, 487, 466, 487, 488, 466, 488, 489, 466, 489, 490, 466, 490, 491, 466, 491, 492, 466, 492, 493, 466, 493, 494, 466, 494, 495, 466, 495, 496, 466, 496, 497, 466, 497, 498, 466, 498, 499, 466, 499, 500, 466, 500, 501, 466, 501, 502, 466, 502, 503, 466, 503, 504, 466, 504, 505, 466, 505, 506, 466, 506, 507, 466, 507, 508, 466, 508, 509, 466, 509, 510, 466, 510, 511, 466, 511, 512, 466, 512, 513, 466, 513, 514, 466, 514, 515, 466, 515, 516, 466, 516, 517, 466, 517, 518, 466, 518, 519, 466, 519, 520, 466, 520, 521, 466, 521, 522, 466, 522, 523, 466, 523, 524, 466, 524, 525, 466, 525, 526, 466, 526, 527, 466, 527, 528, 466, 528, 529, 466, 529, 530, 466, 530, 531, 466, 531, 532, 466, 532, 533, 466, 533, 534, 466, 534, 535, 466, 535, 536, 466, 536, 537, 466, 537, 538, 466, 538, 539, 466, 539, 540, 466, 540, 541, 466, 541, 542, 466, 542, 543, 466, 543, 544, 466, 544, 545, 466, 545, 546, 466, 546, 547, 466, 547, 548, 466, 548, 549, 466, 549, 550, 466, 550, 551, 466, 551, 552, 466, 552, 553, 466, 553, 554, 466, 554, 555, 466, 555, 556, 466, 556, 557, 466, 557, 558, 466, 558, 559, 466, 559, 560, 466, 560, 561, 466, 561, 562, 466, 562, 563, 466, 563, 564, 466, 564, 565, 466, 565, 566, 466, 566, 567, 466, 567, 568, 466, 568, 569, 466, 569, 570, 466, 570, 571, 466, 571, 572, 466, 572, 573, 466, 573, 574, 466, 574, 575, 466, 575, 576, 466, 576, 577, 466, 577, 578, 466, 578, 579, 466, 579, 580, 466, 580, 581, 466, 581, 582, 466, 582, 583, 466, 583, 584, 466, 584, 585, 466, 585, 586, 466, 586, 587, 466, 587, 588, 466, 588, 589, 466, 589, 590, 466, 590, 591, 466, 591, 592, 466, 592, 593, 466, 593, 594, 466, 594, 595, 466, 595, 448]
                                point3f[] points = [(24.03015, -2, 6.8), (24.030117, -2, 6.7985806), (24.030014, -2, 6.797138), (24.029839, -2, 6.795677), (24.029587, -2, 6.794203), (24.029295, -2, 6.7928686), (24.028975, -2, 6.7916656), (24.028603, -2, 6.7904644), (24.028175, -2, 6.789268), (24.027695, -2, 6.78808), (24.027157, -2, 6.7869043), (24.026567, -2, 6.785744), (24.025923, -2, 6.7846036), (24.025225, -2, 6.783486), (24.024477, -2, 6.782395), (24.023678, -2, 6.7813344), (24.022831, -2, 6.7803073), (24.021936, -2, 6.779317), (24.021, -2, 6.778366), (24.020023, -2, 6.7774587), (24.019007, -2, 6.776596), (24.017958, -2, 6.7757807), (24.016876, -2, 6.7750154), (24.015766, -2, 6.774301), (24.014633, -2, 6.7736387), (24.01348, -2, 6.7730308), (24.012308, -2, 6.772476), (24.011124, -2, 6.771977), (24.00993, -2, 6.771532), (24.00873, -2, 6.7711415), (24.007526, -2, 6.7708044), (24.006325, -2, 6.7705207), (24.005127, -2, 6.770289), (24.003937, -2, 6.770108), (24.002754, -2, 6.769976), (24.001585, -2, 6.7698917), (24.000431, -2, 6.769853), (23.999289, -2, 6.7698584), (23.99813, -2, 6.769908), (23.996958, -2, 6.770004), (23.995773, -2, 6.770148), (23.994581, -2, 6.770341), (23.993382, -2, 6.770585), (23.99218, -2, 6.7708817), (23.990978, -2, 6.7712317), (23.989779, -2, 6.7716355), (23.988586, -2, 6.772094), (23.987406, -2, 6.772607), (23.986238, -2, 6.7731743), (23.985088, -2, 6.7737956), (23.983961, -2, 6.7744703), (23.982859, -2, 6.7751975), (23.981783, -2, 6.775975), (23.980742, -2, 6.776802), (23.979734, -2, 6.777676), (23.978767, -2, 6.7785945), (23.97784, -2, 6.779555), (23.97696, -2, 6.780555), (23.976124, -2, 6.7815905), (23.975336, -2, 6.7826586), (23.9746, -2, 6.7837567), (23.973915, -2, 6.78488), (23.973284, -2, 6.786026), (23.972706, -2, 6.7871904), (23.972183, -2, 6.788369), (23.971716, -2, 6.78956), (23.971302, -2, 6.7907577), (23.970942, -2, 6.7919593), (23.970636, -2, 6.793162), (23.970383, -2, 6.794362), (23.970179, -2, 6.795556), (23.970026, -2, 6.796742), (23.969923, -2, 6.7979164), (23.969868, -2, 6.7989645), (23.96985, -2, 6.8), (24.03015, -4, 6.8), (24.030117, -4, 6.7985806), (24.030014, -4, 6.797138), (24.029839, -4, 6.795677), (24.029587, -4, 6.794203), (24.029295, -4, 6.7928686), (24.028975, -4, 6.7916656), (24.028603, -4, 6.7904644), (24.028175, -4, 6.789268), (24.027695, -4, 6.78808), (24.027157, -4, 6.7869043), (24.026567, -4, 6.785744), (24.025923, -4, 6.7846036), (24.025225, -4, 6.783486), (24.024477, -4, 6.782395), (24.023678, -4, 6.7813344), (24.022831, -4, 6.7803073), (24.021936, -4, 6.779317), (24.021, -4, 6.778366), (24.020023, -4, 6.7774587), (24.019007, -4, 6.776596), (24.017958, -4, 6.7757807), (24.016876, -4, 6.7750154), (24.015766, -4, 6.774301), (24.014633, -4, 6.7736387), (24.01348, -4, 6.7730308), (24.012308, -4, 6.772476), (24.011124, -4, 6.771977), (24.00993, -4, 6.771532), (24.00873, -4, 6.7711415), (24.007526, -4, 6.7708044), (24.006325, -4, 6.7705207), (24.005127, -4, 6.770289), (24.003937, -4, 6.770108), (24.002754, -4, 6.769976), (24.001585, -4, 6.7698917), (24.000431, -4, 6.769853), (23.999289, -4, 6.7698584), (23.99813, -4, 6.769908), (23.996958, -4, 6.770004), (23.995773, -4, 6.770148), (23.994581, -4, 6.770341), (23.993382, -4, 6.770585), (23.99218, -4, 6.7708817), (23.990978, -4, 6.7712317), (23.989779, -4, 6.7716355), (23.988586, -4, 6.772094), (23.987406, -4, 6.772607), (23.986238, -4, 6.7731743), (23.985088, -4, 6.7737956), (23.983961, -4, 6.7744703), (23.982859, -4, 6.7751975), (23.981783, -4, 6.775975), (23.980742, -4, 6.776802), (23.979734, -4, 6.777676), (23.978767, -4, 6.7785945), (23.97784, -4, 6.779555), (23.97696, -4, 6.780555), (23.976124, -4, 6.7815905), (23.975336, -4, 6.7826586), (23.9746, -4, 6.7837567), (23.973915, -4, 6.78488), (23.973284, -4, 6.786026), (23.972706, -4, 6.7871904), (23.972183, -4, 6.788369), (23.971716, -4, 6.78956), (23.971302, -4, 6.7907577), (23.970942, -4, 6.7919593), (23.970636, -4, 6.793162), (23.970383, -4, 6.794362), (23.970179, -4, 6.795556), (23.970026, -4, 6.796742), (23.969923, -4, 6.7979164), (23.969868, -4, 6.7989645), (23.96985, -4, 6.8), (23.96985, -4, 6.8), (23.969883, -4, 6.8014193), (23.969986, -4, 6.8028617), (23.970161, -4, 6.8043227), (23.970413, -4, 6.8057976), (23.970705, -4, 6.8071313), (23.971025, -4, 6.8083344), (23.971397, -4, 6.8095355), (23.971825, -4, 6.810732), (23.972305, -4, 6.8119197), (23.972843, -4, 6.8130956), (23.973433, -4, 6.8142557), (23.974077, -4, 6.8153963), (23.974775, -4, 6.816514), (23.975523, -4, 6.817605), (23.976322, -4, 6.818666), (23.977169, -4, 6.819693), (23.978064, -4, 6.8206835), (23.979, -4, 6.821634), (23.979977, -4, 6.8225417), (23.980993, -4, 6.8234043), (23.982042, -4, 6.824219), (23.983124, -4, 6.8249846), (23.984234, -4, 6.8256993), (23.985367, -4, 6.826361), (23.98652, -4, 6.8269696), (23.987692, -4, 6.8275237), (23.988876, -4, 6.828023), (23.99007, -4, 6.8284683), (23.99127, -4, 6.828859), (23.992474, -4, 6.8291955), (23.993675, -4, 6.829479), (23.994873, -4, 6.829711), (23.996063, -4, 6.829892), (23.997246, -4, 6.830024), (23.998415, -4, 6.830108), (23.999569, -4, 6.830147), (24.000711, -4, 6.8301415), (24.00187, -4, 6.830092), (24.003042, -4, 6.829996), (24.004227, -4, 6.8298526), (24.005419, -4, 6.829659), (24.006618, -4, 6.829415), (24.00782, -4, 6.8291183), (24.009022, -4, 6.8287683), (24.010221, -4, 6.8283644), (24.011414, -4, 6.827906), (24.012594, -4, 6.8273935), (24.013762, -4, 6.826826), (24.014912, -4, 6.8262043), (24.016039, -4, 6.8255296), (24.017141, -4, 6.8248024), (24.018217, -4, 6.8240247), (24.019258, -4, 6.823198), (24.020266, -4, 6.822324), (24.021233, -4, 6.8214054), (24.02216, -4, 6.820445), (24.02304, -4, 6.8194456), (24.023876, -4, 6.81841), (24.024664, -4, 6.8173413), (24.0254, -4, 6.8162436), (24.026085, -4, 6.8151197), (24.026716, -4, 6.813974), (24.027294, -4, 6.81281), (24.027817, -4, 6.8116307), (24.028284, -4, 6.8104405), (24.028698, -4, 6.8092427), (24.029058, -4, 6.8080406), (24.029364, -4, 6.806838), (24.029617, -4, 6.805638), (24.029821, -4, 6.804444), (24.029974, -4, 6.803258), (24.030077, -4, 6.8020835), (24.030132, -4, 6.8010354), (24.03015, -4, 6.8), (24.03015, -2, 6.8), (23.96985, -2, 6.8), (23.969883, -2, 6.8014193), (23.969986, -2, 6.8028617), (23.970161, -2, 6.8043227), (23.970413, -2, 6.8057976), (23.970705, -2, 6.8071313), (23.971025, -2, 6.8083344), (23.971397, -2, 6.8095355), (23.971825, -2, 6.810732), (23.972305, -2, 6.8119197), (23.972843, -2, 6.8130956), (23.973433, -2, 6.8142557), (23.974077, -2, 6.8153963), (23.974775, -2, 6.816514), (23.975523, -2, 6.817605), (23.976322, -2, 6.818666), (23.977169, -2, 6.819693), (23.978064, -2, 6.8206835), (23.979, -2, 6.821634), (23.979977, -2, 6.8225417), (23.980993, -2, 6.8234043), (23.982042, -2, 6.824219), (23.983124, -2, 6.8249846), (23.984234, -2, 6.8256993), (23.985367, -2, 6.826361), (23.98652, -2, 6.8269696), (23.987692, -2, 6.8275237), (23.988876, -2, 6.828023), (23.99007, -2, 6.8284683), (23.99127, -2, 6.828859), (23.992474, -2, 6.8291955), (23.993675, -2, 6.829479), (23.994873, -2, 6.829711), (23.996063, -2, 6.829892), (23.997246, -2, 6.830024), (23.998415, -2, 6.830108), (23.999569, -2, 6.830147), (24.000711, -2, 6.8301415), (24.00187, -2, 6.830092), (24.003042, -2, 6.829996), (24.004227, -2, 6.8298526), (24.005419, -2, 6.829659), (24.006618, -2, 6.829415), (24.00782, -2, 6.8291183), (24.009022, -2, 6.8287683), (24.010221, -2, 6.8283644), (24.011414, -2, 6.827906), (24.012594, -2, 6.8273935), (24.013762, -2, 6.826826), (24.014912, -2, 6.8262043), (24.016039, -2, 6.8255296), (24.017141, -2, 6.8248024), (24.018217, -2, 6.8240247), (24.019258, -2, 6.823198), (24.020266, -2, 6.822324), (24.021233, -2, 6.8214054), (24.02216, -2, 6.820445), (24.02304, -2, 6.8194456), (24.023876, -2, 6.81841), (24.024664, -2, 6.8173413), (24.0254, -2, 6.8162436), (24.026085, -2, 6.8151197), (24.026716, -2, 6.813974), (24.027294, -2, 6.81281), (24.027817, -2, 6.8116307), (24.028284, -2, 6.8104405), (24.028698, -2, 6.8092427), (24.029058, -2, 6.8080406), (24.029364, -2, 6.806838), (24.029617, -2, 6.805638), (24.029821, -2, 6.804444), (24.029974, -2, 6.803258), (24.030077, -2, 6.8020835), (24.030132, -2, 6.8010354), (23.96985, -4, 6.8), (23.969883, -4, 6.8014193), (23.969986, -4, 6.8028617), (23.970161, -4, 6.8043227), (23.970413, -4, 6.8057976), (23.970705, -4, 6.8071313), (23.971025, -4, 6.8083344), (23.971397, -4, 6.8095355), (23.971825, -4, 6.810732), (23.972305, -4, 6.8119197), (23.972843, -4, 6.8130956), (23.973433, -4, 6.8142557), (23.974077, -4, 6.8153963), (23.974775, -4, 6.816514), (23.975523, -4, 6.817605), (23.976322, -4, 6.818666), (23.977169, -4, 6.819693), (23.978064, -4, 6.8206835), (23.979, -4, 6.821634), (23.979977, -4, 6.8225417), (23.980993, -4, 6.8234043), (23.982042, -4, 6.824219), (23.983124, -4, 6.8249846), (23.984234, -4, 6.8256993), (23.985367, -4, 6.826361), (23.98652, -4, 6.8269696), (23.987692, -4, 6.8275237), (23.988876, -4, 6.828023), (23.99007, -4, 6.8284683), (23.99127, -4, 6.828859), (23.992474, -4, 6.8291955), (23.993675, -4, 6.829479), (23.994873, -4, 6.829711), (23.996063, -4, 6.829892), (23.997246, -4, 6.830024), (23.998415, -4, 6.830108), (23.999569, -4, 6.830147), (24.000711, -4, 6.8301415), (24.00187, -4, 6.830092), (24.003042, -4, 6.829996), (24.004227, -4, 6.8298526), (24.005419, -4, 6.829659), (24.006618, -4, 6.829415), (24.00782, -4, 6.8291183), (24.009022, -4, 6.8287683), (24.010221, -4, 6.8283644), (24.011414, -4, 6.827906), (24.012594, -4, 6.8273935), (24.013762, -4, 6.826826), (24.014912, -4, 6.8262043), (24.016039, -4, 6.8255296), (24.017141, -4, 6.8248024), (24.018217, -4, 6.8240247), (24.019258, -4, 6.823198), (24.020266, -4, 6.822324), (24.021233, -4, 6.8214054), (24.02216, -4, 6.820445), (24.02304, -4, 6.8194456), (24.023876, -4, 6.81841), (24.024664, -4, 6.8173413), (24.0254, -4, 6.8162436), (24.026085, -4, 6.8151197), (24.026716, -4, 6.813974), (24.027294, -4, 6.81281), (24.027817, -4, 6.8116307), (24.028284, -4, 6.8104405), (24.028698, -4, 6.8092427), (24.029058, -4, 6.8080406), (24.029364, -4, 6.806838), (24.029617, -4, 6.805638), (24.029821, -4, 6.804444), (24.029974, -4, 6.803258), (24.030077, -4, 6.8020835), (24.030132, -4, 6.8010354), (24.03015, -4, 6.8), (24.030117, -4, 6.7985806), (24.030014, -4, 6.797138), (24.029839, -4, 6.795677), (24.029587, -4, 6.794203), (24.029295, -4, 6.7928686), (24.028975, -4, 6.7916656), (24.028603, -4, 6.7904644), (24.028175, -4, 6.789268), (24.027695, -4, 6.78808), (24.027157, -4, 6.7869043), (24.026567, -4, 6.785744), (24.025923, -4, 6.7846036), (24.025225, -4, 6.783486), (24.024477, -4, 6.782395), (24.023678, -4, 6.7813344), (24.022831, -4, 6.7803073), (24.021936, -4, 6.779317), (24.021, -4, 6.778366), (24.020023, -4, 6.7774587), (24.019007, -4, 6.776596), (24.017958, -4, 6.7757807), (24.016876, -4, 6.7750154), (24.015766, -4, 6.774301), (24.014633, -4, 6.7736387), (24.01348, -4, 6.7730308), (24.012308, -4, 6.772476), (24.011124, -4, 6.771977), (24.00993, -4, 6.771532), (24.00873, -4, 6.7711415), (24.007526, -4, 6.7708044), (24.006325, -4, 6.7705207), (24.005127, -4, 6.770289), (24.003937, -4, 6.770108), (24.002754, -4, 6.769976), (24.001585, -4, 6.7698917), (24.000431, -4, 6.769853), (23.999289, -4, 6.7698584), (23.99813, -4, 6.769908), (23.996958, -4, 6.770004), (23.995773, -4, 6.770148), (23.994581, -4, 6.770341), (23.993382, -4, 6.770585), (23.99218, -4, 6.7708817), (23.990978, -4, 6.7712317), (23.989779, -4, 6.7716355), (23.988586, -4, 6.772094), (23.987406, -4, 6.772607), (23.986238, -4, 6.7731743), (23.985088, -4, 6.7737956), (23.983961, -4, 6.7744703), (23.982859, -4, 6.7751975), (23.981783, -4, 6.775975), (23.980742, -4, 6.776802), (23.979734, -4, 6.777676), (23.978767, -4, 6.7785945), (23.97784, -4, 6.779555), (23.97696, -4, 6.780555), (23.976124, -4, 6.7815905), (23.975336, -4, 6.7826586), (23.9746, -4, 6.7837567), (23.973915, -4, 6.78488), (23.973284, -4, 6.786026), (23.972706, -4, 6.7871904), (23.972183, -4, 6.788369), (23.971716, -4, 6.78956), (23.971302, -4, 6.7907577), (23.970942, -4, 6.7919593), (23.970636, -4, 6.793162), (23.970383, -4, 6.794362), (23.970179, -4, 6.795556), (23.970026, -4, 6.796742), (23.969923, -4, 6.7979164), (23.969868, -4, 6.7989645), (23.96985, -2, 6.8), (23.969883, -2, 6.8014193), (23.969986, -2, 6.8028617), (23.970161, -2, 6.8043227), (23.970413, -2, 6.8057976), (23.970705, -2, 6.8071313), (23.971025, -2, 6.8083344), (23.971397, -2, 6.8095355), (23.971825, -2, 6.810732), (23.972305, -2, 6.8119197), (23.972843, -2, 6.8130956), (23.973433, -2, 6.8142557), (23.974077, -2, 6.8153963), (23.974775, -2, 6.816514), (23.975523, -2, 6.817605), (23.976322, -2, 6.818666), (23.977169, -2, 6.819693), (23.978064, -2, 6.8206835), (23.979, -2, 6.821634), (23.979977, -2, 6.8225417), (23.980993, -2, 6.8234043), (23.982042, -2, 6.824219), (23.983124, -2, 6.8249846), (23.984234, -2, 6.8256993), (23.985367, -2, 6.826361), (23.98652, -2, 6.8269696), (23.987692, -2, 6.8275237), (23.988876, -2, 6.828023), (23.99007, -2, 6.8284683), (23.99127, -2, 6.828859), (23.992474, -2, 6.8291955), (23.993675, -2, 6.829479), (23.994873, -2, 6.829711), (23.996063, -2, 6.829892), (23.997246, -2, 6.830024), (23.998415, -2, 6.830108), (23.999569, -2, 6.830147), (24.000711, -2, 6.8301415), (24.00187, -2, 6.830092), (24.003042, -2, 6.829996), (24.004227, -2, 6.8298526), (24.005419, -2, 6.829659), (24.006618, -2, 6.829415), (24.00782, -2, 6.8291183), (24.009022, -2, 6.8287683), (24.010221, -2, 6.8283644), (24.011414, -2, 6.827906), (24.012594, -2, 6.8273935), (24.013762, -2, 6.826826), (24.014912, -2, 6.8262043), (24.016039, -2, 6.8255296), (24.017141, -2, 6.8248024), (24.018217, -2, 6.8240247), (24.019258, -2, 6.823198), (24.020266, -2, 6.822324), (24.021233, -2, 6.8214054), (24.02216, -2, 6.820445), (24.02304, -2, 6.8194456), (24.023876, -2, 6.81841), (24.024664, -2, 6.8173413), (24.0254, -2, 6.8162436), (24.026085, -2, 6.8151197), (24.026716, -2, 6.813974), (24.027294, -2, 6.81281), (24.027817, -2, 6.8116307), (24.028284, -2, 6.8104405), (24.028698, -2, 6.8092427), (24.029058, -2, 6.8080406), (24.029364, -2, 6.806838), (24.029617, -2, 6.805638), (24.029821, -2, 6.804444), (24.029974, -2, 6.803258), (24.030077, -2, 6.8020835), (24.030132, -2, 6.8010354), (24.03015, -2, 6.8), (24.030117, -2, 6.7985806), (24.030014, -2, 6.797138), (24.029839, -2, 6.795677), (24.029587, -2, 6.794203), (24.029295, -2, 6.7928686), (24.028975, -2, 6.7916656), (24.028603, -2, 6.7904644), (24.028175, -2, 6.789268), (24.027695, -2, 6.78808), (24.027157, -2, 6.7869043), (24.026567, -2, 6.785744), (24.025923, -2, 6.7846036), (24.025225, -2, 6.783486), (24.024477, -2, 6.782395), (24.023678, -2, 6.7813344), (24.022831, -2, 6.7803073), (24.021936, -2, 6.779317), (24.021, -2, 6.778366), (24.020023, -2, 6.7774587), (24.019007, -2, 6.776596), (24.017958, -2, 6.7757807), (24.016876, -2, 6.7750154), (24.015766, -2, 6.774301), (24.014633, -2, 6.7736387), (24.01348, -2, 6.7730308), (24.012308, -2, 6.772476), (24.011124, -2, 6.771977), (24.00993, -2, 6.771532), (24.00873, -2, 6.7711415), (24.007526, -2, 6.7708044), (24.006325, -2, 6.7705207), (24.005127, -2, 6.770289), (24.003937, -2, 6.770108), (24.002754, -2, 6.769976), (24.001585, -2, 6.7698917), (24.000431, -2, 6.769853), (23.999289, -2, 6.7698584), (23.99813, -2, 6.769908), (23.996958, -2, 6.770004), (23.995773, -2, 6.770148), (23.994581, -2, 6.770341), (23.993382, -2, 6.770585), (23.99218, -2, 6.7708817), (23.990978, -2, 6.7712317), (23.989779, -2, 6.7716355), (23.988586, -2, 6.772094), (23.987406, -2, 6.772607), (23.986238, -2, 6.7731743), (23.985088, -2, 6.7737956), (23.983961, -2, 6.7744703), (23.982859, -2, 6.7751975), (23.981783, -2, 6.775975), (23.980742, -2, 6.776802), (23.979734, -2, 6.777676), (23.978767, -2, 6.7785945), (23.97784, -2, 6.779555), (23.97696, -2, 6.780555), (23.976124, -2, 6.7815905), (23.975336, -2, 6.7826586), (23.9746, -2, 6.7837567), (23.973915, -2, 6.78488), (23.973284, -2, 6.786026), (23.972706, -2, 6.7871904), (23.972183, -2, 6.788369), (23.971716, -2, 6.78956), (23.971302, -2, 6.7907577), (23.970942, -2, 6.7919593), (23.970636, -2, 6.793162), (23.970383, -2, 6.794362), (23.970179, -2, 6.795556), (23.970026, -2, 6.796742), (23.969923, -2, 6.7979164), (23.969868, -2, 6.7989645)]
                                color3f[] primvars:displayColor = [(0.72, 0.77, 0.8)]
                                uniform token purpose = "proxy"
                                uniform token subdivisionScheme = "none"
                                uniform token subsetFamily:materialBind:familyType = "partition"
                                matrix4d xformOp:transform = ( (1, 0, 0, 0), (0, 1, 0, 0), (0, 0, 1, 0), (0, 0, 0, 1) )
                                uniform token[] xformOpOrder = ["xformOp:transform"]

                                def GeomSubset "Material_0" (
                                    prepend apiSchemas = ["MaterialBindingAPI"]
                                )
                                {
                                    uniform token elementType = "face"
                                    uniform token familyName = "materialBind"
                                    int[] indices = [0, 1, 2, 3, 4, 5, 6, 7, 8, 9, 10, 11, 12, 13, 14, 15, 16, 17, 18, 19, 20, 21, 22, 23, 24, 25, 26, 27, 28, 29, 30, 31, 32, 33, 34, 35, 36, 37, 38, 39, 40, 41, 42, 43, 44, 45, 46, 47, 48, 49, 50, 51, 52, 53, 54, 55, 56, 57, 58, 59, 60, 61, 62, 63, 64, 65, 66, 67, 68, 69, 70, 71, 72, 73, 74, 75, 76, 77, 78, 79, 80, 81, 82, 83, 84, 85, 86, 87, 88, 89, 90, 91, 92, 93, 94, 95, 96, 97, 98, 99, 100, 101, 102, 103, 104, 105, 106, 107, 108, 109, 110, 111, 112, 113, 114, 115, 116, 117, 118, 119, 120, 121, 122, 123, 124, 125, 126, 127, 128, 129, 130, 131, 132, 133, 134, 135, 136, 137, 138, 139, 140, 141, 142, 143, 144, 145, 146, 147, 148, 149, 150, 151, 152, 153, 154, 155, 156, 157, 158, 159, 160, 161, 162, 163, 164, 165, 166, 167, 168, 169, 170, 171, 172, 173, 174, 175, 176, 177, 178, 179, 180, 181, 182, 183, 184, 185, 186, 187, 188, 189, 190, 191, 192, 193, 194, 195, 196, 197, 198, 199, 200, 201, 202, 203, 204, 205, 206, 207, 208, 209, 210, 211, 212, 213, 214, 215, 216, 217, 218, 219, 220, 221, 222, 223, 224, 225, 226, 227, 228, 229, 230, 231, 232, 233, 234, 235, 236, 237, 238, 239, 240, 241, 242, 243, 244, 245, 246, 247, 248, 249, 250, 251, 252, 253, 254, 255, 256, 257, 258, 259, 260, 261, 262, 263, 264, 265, 266, 267, 268, 269, 270, 271, 272, 273, 274, 275, 276, 277, 278, 279, 280, 281, 282, 283, 284, 285, 286, 287, 288, 289, 290, 291, 292, 293, 294, 295, 296, 297, 298, 299, 300, 301, 302, 303, 304, 305, 306, 307, 308, 309, 310, 311, 312, 313, 314, 315, 316, 317, 318, 319, 320, 321, 322, 323, 324, 325, 326, 327, 328, 329, 330, 331, 332, 333, 334, 335, 336, 337, 338, 339, 340, 341, 342, 343, 344, 345, 346, 347, 348, 349, 350, 351, 352, 353, 354, 355, 356, 357, 358, 359, 360, 361, 362, 363, 364, 365, 366, 367, 368, 369, 370, 371, 372, 373, 374, 375, 376, 377, 378, 379, 380, 381, 382, 383, 384, 385, 386, 387, 388, 389, 390, 391, 392, 393, 394, 395, 396, 397, 398, 399, 400, 401, 402, 403, 404, 405, 406, 407, 408, 409, 410, 411, 412, 413, 414, 415, 416, 417, 418, 419, 420, 421, 422, 423, 424, 425, 426, 427, 428, 429, 430, 431, 432, 433, 434, 435, 436, 437, 438, 439, 440, 441, 442, 443, 444, 445, 446, 447, 448, 449, 450, 451, 452, 453, 454, 455, 456, 457, 458, 459, 460, 461, 462, 463, 464, 465, 466, 467, 468, 469, 470, 471, 472, 473, 474, 475, 476, 477, 478, 479, 480, 481, 482, 483, 484, 485, 486, 487, 488, 489, 490, 491, 492, 493, 494, 495, 496, 497, 498, 499, 500, 501, 502, 503, 504, 505, 506, 507, 508, 509, 510, 511, 512, 513, 514, 515, 516, 517, 518, 519, 520, 521, 522, 523, 524, 525, 526, 527, 528, 529, 530, 531, 532, 533, 534, 535, 536, 537, 538, 539, 540, 541, 542, 543, 544, 545, 546, 547, 548, 549, 550, 551, 552, 553, 554, 555, 556, 557, 558, 559, 560, 561, 562, 563, 564, 565, 566, 567, 568, 569, 570, 571, 572, 573, 574, 575, 576, 577, 578, 579, 580, 581, 582, 583, 584, 585, 586, 587]
                                    rel material:binding = </ExactMaterials/m_9a001bef363f28cc>
                                }
                            }

                            def BasisCurves "Edges" (
                                prepend apiSchemas = ["AecoDerivedGeometryAPI"]
                            )
                            {
                                uniform token aeco:derived:approx = "arcSegmented"
                                rel aeco:derived:from = </demo_datacentre_01/demo_datacentre_01_Site/demo_datacentre_01/L01_Office/Office_Corridor_L01/Corridor_ceiling_void/pipe_clash_hard/BodyExact>
                                uniform token aeco:derived:role = "wireframe"
                                string aeco:derived:source = "5c1bcae1-aed8-5d1a-bffe-e8eb8bc50f6f"
                                string aeco:derived:stamp = "aeco-ifc-exact 0.2.0 source=de1285528a101946119c4e9b30a8accc6da88ce3e700c3aa5b47031de442997b"
                                double aeco:derived:tolerance = 0.0001
                                int[] curveVertexCounts = [33, 2, 33, 2, 33, 33]
                                point3f[] points = [(24.03015, -2, 6.8), (24.030027, -2, 6.797291), (24.029646, -2, 6.7945137), (24.028986, -2, 6.791704), (24.028032, -2, 6.788902), (24.026781, -2, 6.7861524), (24.025236, -2, 6.7835016), (24.023407, -2, 6.7809963), (24.021318, -2, 6.778681), (24.019003, -2, 6.7765927), (24.016499, -2, 6.7747645), (24.013847, -2, 6.773218), (24.011099, -2, 6.771967), (24.008297, -2, 6.7710137), (24.005486, -2, 6.7703533), (24.002708, -2, 6.769972), (24, -2, 6.76985), (23.997292, -2, 6.769972), (23.994514, -2, 6.7703533), (23.991703, -2, 6.7710137), (23.988901, -2, 6.771967), (23.986153, -2, 6.773218), (23.983501, -2, 6.7747645), (23.980997, -2, 6.7765927), (23.978682, -2, 6.778681), (23.976593, -2, 6.7809963), (23.974764, -2, 6.7835016), (23.973219, -2, 6.7861524), (23.971968, -2, 6.788902), (23.971014, -2, 6.791704), (23.970354, -2, 6.7945137), (23.969973, -2, 6.797291), (23.96985, -2, 6.8), (24.03015, -2, 6.8), (24.03015, -4, 6.8), (24.03015, -4, 6.8), (24.030027, -4, 6.797291), (24.029646, -4, 6.7945137), (24.028986, -4, 6.791704), (24.028032, -4, 6.788902), (24.026781, -4, 6.7861524), (24.025236, -4, 6.7835016), (24.023407, -4, 6.7809963), (24.021318, -4, 6.778681), (24.019003, -4, 6.7765927), (24.016499, -4, 6.7747645), (24.013847, -4, 6.773218), (24.011099, -4, 6.771967), (24.008297, -4, 6.7710137), (24.005486, -4, 6.7703533), (24.002708, -4, 6.769972), (24, -4, 6.76985), (23.997292, -4, 6.769972), (23.994514, -4, 6.7703533), (23.991703, -4, 6.7710137), (23.988901, -4, 6.771967), (23.986153, -4, 6.773218), (23.983501, -4, 6.7747645), (23.980997, -4, 6.7765927), (23.978682, -4, 6.778681), (23.976593, -4, 6.7809963), (23.974764, -4, 6.7835016), (23.973219, -4, 6.7861524), (23.971968, -4, 6.788902), (23.971014, -4, 6.791704), (23.970354, -4, 6.7945137), (23.969973, -4, 6.797291), (23.96985, -4, 6.8), (23.96985, -4, 6.8), (23.96985, -2, 6.8), (23.96985, -4, 6.8), (23.969973, -4, 6.802709), (23.970354, -4, 6.805486), (23.971014, -4, 6.808296), (23.971968, -4, 6.811098), (23.973219, -4, 6.8138475), (23.974764, -4, 6.8164983), (23.976593, -4, 6.8190036), (23.978682, -4, 6.821319), (23.980997, -4, 6.823407), (23.983501, -4, 6.8252354), (23.986153, -4, 6.8267817), (23.988901, -4, 6.828033), (23.991703, -4, 6.828986), (23.994514, -4, 6.8296466), (23.997292, -4, 6.830028), (24, -4, 6.83015), (24.002708, -4, 6.830028), (24.005486, -4, 6.8296466), (24.008297, -4, 6.828986), (24.011099, -4, 6.828033), (24.013847, -4, 6.8267817), (24.016499, -4, 6.8252354), (24.019003, -4, 6.823407), (24.021318, -4, 6.821319), (24.023407, -4, 6.8190036), (24.025236, -4, 6.8164983), (24.026781, -4, 6.8138475), (24.028032, -4, 6.811098), (24.028986, -4, 6.808296), (24.029646, -4, 6.805486), (24.030027, -4, 6.802709), (24.03015, -4, 6.8), (23.96985, -2, 6.8), (23.969973, -2, 6.802709), (23.970354, -2, 6.805486), (23.971014, -2, 6.808296), (23.971968, -2, 6.811098), (23.973219, -2, 6.8138475), (23.974764, -2, 6.8164983), (23.976593, -2, 6.8190036), (23.978682, -2, 6.821319), (23.980997, -2, 6.823407), (23.983501, -2, 6.8252354), (23.986153, -2, 6.8267817), (23.988901, -2, 6.828033), (23.991703, -2, 6.828986), (23.994514, -2, 6.8296466), (23.997292, -2, 6.830028), (24, -2, 6.83015), (24.002708, -2, 6.830028), (24.005486, -2, 6.8296466), (24.008297, -2, 6.828986), (24.011099, -2, 6.828033), (24.013847, -2, 6.8267817), (24.016499, -2, 6.8252354), (24.019003, -2, 6.823407), (24.021318, -2, 6.821319), (24.023407, -2, 6.8190036), (24.025236, -2, 6.8164983), (24.026781, -2, 6.8138475), (24.028032, -2, 6.811098), (24.028986, -2, 6.808296), (24.029646, -2, 6.805486), (24.030027, -2, 6.802709), (24.03015, -2, 6.8)]
                                color3f[] primvars:displayColor = [(0.04, 0.08, 0.12)]
                                uniform token purpose = "guide"
                                uniform token type = "linear"
                                float[] widths = [0.004] (
                                    interpolation = "constant"
                                )
                                uniform token wrap = "nonperiodic"
                                matrix4d xformOp:transform = ( (1, 0, 0, 0), (0, 1, 0, 0), (0, 0, 1, 0), (0, 0, 0, 1) )
                                uniform token[] xformOpOrder = ["xformOp:transform"]
                            }

                            over "Geom"
                            {
                                token visibility = "invisible"
                            }
                        }

                        def "pipe_clash_near"
                        {
                            def Mesh "Body" (
                                prepend apiSchemas = ["AecoDerivedGeometryAPI"]
                            )
                            {
                                uniform token aeco:derived:approx = "tessellated"
                                rel aeco:derived:from = </demo_datacentre_01/demo_datacentre_01_Site/demo_datacentre_01/L01_Office/Office_Corridor_L01/Corridor_ceiling_void/pipe_clash_near/BodyExact>
                                uniform token aeco:derived:role = "body"
                                string aeco:derived:source = "6e5a2055-fc33-5dd4-8df1-af4a6e337adb"
                                string aeco:derived:stamp = "aeco-ifc-exact 0.2.0 source=da706249d3a2d81eafe97320b6dcf79cd05cb980fd0e494371adbe2288e0cf21"
                                double aeco:derived:tolerance = 0.0001
                                uniform bool doubleSided = 1
                                float3[] extent = [(23, -1.53015, 6.855003), (25, -1.46985, 6.915297)]
                                int[] faceVertexCounts = [3, 3, 3, 3, 3, 3, 3, 3, 3, 3, 3, 3, 3, 3, 3, 3, 3, 3, 3, 3, 3, 3, 3, 3, 3, 3, 3, 3, 3, 3, 3, 3, 3, 3, 3, 3, 3, 3, 3, 3, 3, 3, 3, 3, 3, 3, 3, 3, 3, 3, 3, 3, 3, 3, 3, 3, 3, 3, 3, 3, 3, 3, 3, 3, 3, 3, 3, 3, 3, 3, 3, 3, 3, 3, 3, 3, 3, 3, 3, 3, 3, 3, 3, 3, 3, 3, 3, 3, 3, 3, 3, 3, 3, 3, 3, 3, 3, 3, 3, 3, 3, 3, 3, 3, 3, 3, 3, 3, 3, 3, 3, 3, 3, 3, 3, 3, 3, 3, 3, 3, 3, 3, 3, 3, 3, 3, 3, 3, 3, 3, 3, 3, 3, 3, 3, 3, 3, 3, 3, 3, 3, 3, 3, 3, 3, 3, 3, 3, 3, 3, 3, 3, 3, 3, 3, 3, 3, 3, 3, 3, 3, 3, 3, 3, 3, 3, 3, 3, 3, 3, 3, 3, 3, 3, 3, 3, 3, 3, 3, 3, 3, 3, 3, 3, 3, 3, 3, 3, 3, 3, 3, 3, 3, 3, 3, 3, 3, 3, 3, 3, 3, 3, 3, 3, 3, 3, 3, 3, 3, 3, 3, 3, 3, 3, 3, 3, 3, 3, 3, 3, 3, 3, 3, 3, 3, 3, 3, 3, 3, 3, 3, 3, 3, 3, 3, 3, 3, 3, 3, 3, 3, 3, 3, 3, 3, 3, 3, 3, 3, 3, 3, 3, 3, 3, 3, 3, 3, 3, 3, 3, 3, 3, 3, 3, 3, 3, 3, 3, 3, 3, 3, 3, 3, 3, 3, 3, 3, 3, 3, 3, 3, 3, 3, 3, 3, 3, 3, 3, 3, 3, 3, 3, 3, 3, 3, 3, 3, 3, 3, 3, 3, 3, 3, 3, 3, 3, 3, 3, 3, 3, 3, 3, 3, 3, 3, 3, 3, 3, 3, 3, 3, 3, 3, 3, 3, 3, 3, 3, 3, 3, 3, 3, 3, 3, 3, 3, 3, 3, 3, 3, 3, 3, 3, 3, 3, 3, 3, 3, 3, 3, 3, 3, 3, 3, 3, 3, 3, 3, 3, 3, 3, 3, 3, 3, 3, 3, 3, 3, 3, 3, 3, 3, 3, 3, 3, 3, 3, 3, 3, 3, 3, 3, 3, 3, 3, 3, 3, 3, 3, 3, 3, 3, 3, 3, 3, 3, 3, 3, 3, 3, 3, 3, 3, 3, 3, 3, 3, 3, 3, 3, 3, 3, 3, 3, 3, 3, 3, 3, 3, 3, 3, 3, 3, 3, 3, 3, 3, 3, 3, 3, 3, 3, 3, 3, 3, 3, 3, 3, 3, 3, 3, 3, 3, 3, 3, 3, 3, 3, 3, 3, 3, 3, 3, 3, 3, 3, 3, 3, 3, 3, 3, 3, 3, 3, 3, 3, 3, 3, 3, 3, 3, 3, 3, 3, 3, 3, 3, 3, 3, 3, 3, 3, 3, 3, 3, 3, 3, 3, 3, 3, 3, 3, 3, 3, 3, 3, 3, 3, 3, 3, 3, 3, 3, 3, 3, 3, 3, 3, 3, 3, 3, 3, 3, 3, 3, 3, 3, 3, 3, 3, 3, 3, 3, 3, 3, 3, 3, 3, 3, 3, 3, 3, 3, 3, 3, 3, 3, 3, 3, 3, 3, 3, 3, 3, 3, 3, 3, 3, 3, 3, 3, 3, 3, 3, 3, 3, 3, 3, 3, 3, 3, 3, 3, 3, 3, 3, 3, 3, 3, 3, 3, 3, 3, 3, 3, 3, 3, 3, 3, 3, 3, 3, 3, 3, 3, 3, 3, 3]
                                int[] faceVertexIndices = [148, 149, 74, 148, 73, 72, 148, 74, 73, 147, 148, 72, 147, 72, 71, 146, 147, 71, 146, 71, 70, 145, 70, 69, 145, 146, 70, 144, 69, 68, 144, 145, 69, 143, 144, 68, 142, 67, 66, 142, 68, 67, 142, 143, 68, 141, 66, 65, 141, 142, 66, 140, 65, 64, 140, 141, 65, 139, 64, 63, 139, 140, 64, 138, 139, 63, 137, 138, 63, 137, 63, 62, 136, 137, 62, 136, 61, 60, 136, 62, 61, 135, 136, 60, 134, 135, 60, 134, 60, 59, 133, 134, 59, 133, 59, 58, 132, 133, 58, 132, 57, 56, 132, 58, 57, 131, 132, 56, 131, 56, 55, 130, 131, 55, 130, 55, 54, 129, 130, 54, 129, 54, 53, 128, 129, 53, 127, 128, 53, 127, 52, 51, 127, 53, 52, 126, 127, 51, 126, 51, 50, 125, 50, 49, 125, 126, 50, 124, 49, 48, 124, 125, 49, 123, 48, 47, 123, 124, 48, 122, 123, 47, 121, 47, 46, 121, 122, 47, 120, 45, 44, 120, 46, 45, 120, 121, 46, 119, 120, 44, 118, 44, 43, 118, 119, 44, 117, 43, 42, 117, 118, 43, 116, 42, 41, 116, 117, 42, 115, 41, 40, 115, 116, 41, 114, 40, 39, 114, 115, 40, 113, 39, 38, 113, 114, 39, 112, 113, 38, 112, 37, 36, 112, 38, 37, 111, 112, 36, 110, 111, 36, 110, 36, 35, 109, 110, 35, 109, 35, 34, 108, 109, 34, 108, 34, 33, 107, 108, 33, 107, 33, 32, 106, 107, 32, 106, 32, 31, 105, 30, 29, 105, 31, 30, 105, 106, 31, 104, 105, 29, 103, 29, 28, 103, 104, 29, 102, 28, 27, 102, 103, 28, 101, 27, 26, 101, 102, 27, 100, 25, 24, 100, 26, 25, 100, 101, 26, 99, 24, 23, 99, 100, 24, 98, 23, 22, 98, 99, 23, 97, 98, 22, 96, 22, 21, 96, 97, 22, 95, 21, 20, 95, 96, 21, 94, 20, 19, 94, 95, 20, 93, 19, 18, 93, 94, 19, 92, 18, 17, 92, 93, 18, 91, 17, 16, 91, 92, 17, 90, 16, 15, 90, 91, 16, 89, 15, 14, 89, 90, 15, 88, 14, 13, 88, 89, 14, 87, 13, 12, 87, 88, 13, 86, 87, 12, 86, 12, 11, 85, 86, 11, 85, 11, 10, 84, 10, 9, 84, 85, 10, 83, 9, 8, 83, 84, 9, 82, 83, 8, 82, 8, 7, 81, 7, 6, 81, 82, 7, 80, 5, 4, 80, 6, 5, 80, 81, 6, 79, 80, 4, 78, 3, 2, 78, 4, 3, 78, 79, 4, 77, 2, 1, 77, 78, 2, 76, 77, 1, 75, 1, 0, 75, 76, 1, 223, 225, 299, 223, 224, 225, 222, 299, 298, 222, 223, 299, 221, 298, 297, 221, 222, 298, 220, 297, 296, 220, 221, 297, 219, 295, 294, 219, 296, 295, 219, 220, 296, 218, 219, 294, 217, 294, 293, 217, 218, 294, 216, 293, 292, 216, 217, 293, 215, 292, 291, 215, 216, 292, 214, 290, 289, 214, 291, 290, 214, 215, 291, 213, 289, 288, 213, 214, 289, 212, 213, 288, 211, 212, 288, 211, 288, 287, 210, 211, 287, 210, 287, 286, 209, 210, 286, 209, 286, 285, 208, 209, 285, 208, 285, 284, 207, 208, 284, 207, 284, 283, 206, 207, 283, 206, 283, 282, 205, 282, 281, 205, 206, 282, 204, 280, 279, 204, 281, 280, 204, 205, 281, 203, 279, 278, 203, 204, 279, 202, 203, 278, 201, 278, 277, 201, 202, 278, 200, 276, 275, 200, 277, 276, 200, 201, 277, 199, 200, 275, 198, 275, 274, 198, 199, 275, 197, 274, 273, 197, 198, 274, 196, 273, 272, 196, 197, 273, 195, 272, 271, 195, 196, 272, 194, 271, 270, 194, 195, 271, 193, 270, 269, 193, 194, 270, 192, 269, 268, 192, 193, 269, 191, 268, 267, 191, 192, 268, 190, 266, 265, 190, 267, 266, 190, 191, 267, 189, 190, 265, 188, 265, 264, 188, 189, 265, 187, 188, 264, 187, 263, 262, 187, 264, 263, 186, 187, 262, 185, 186, 262, 185, 261, 260, 185, 262, 261, 184, 185, 260, 183, 259, 258, 183, 260, 259, 183, 184, 260, 182, 183, 258, 181, 257, 256, 181, 258, 257, 181, 182, 258, 180, 256, 255, 180, 181, 256, 179, 180, 255, 178, 254, 253, 178, 255, 254, 178, 179, 255, 177, 178, 253, 176, 253, 252, 176, 177, 253, 175, 252, 251, 175, 176, 252, 174, 175, 251, 174, 250, 249, 174, 251, 250, 173, 174, 249, 173, 249, 248, 172, 173, 248, 172, 248, 247, 171, 172, 247, 171, 247, 246, 170, 171, 246, 169, 170, 246, 169, 245, 244, 169, 246, 245, 168, 169, 244, 167, 168, 244, 167, 244, 243, 166, 167, 243, 166, 243, 242, 165, 241, 240, 165, 242, 241, 165, 166, 242, 164, 165, 240, 163, 239, 238, 163, 240, 239, 163, 164, 240, 162, 163, 238, 161, 162, 238, 161, 237, 236, 161, 238, 237, 160, 161, 236, 159, 160, 236, 159, 236, 235, 158, 159, 235, 158, 234, 233, 158, 235, 234, 157, 158, 233, 156, 157, 233, 156, 233, 232, 155, 156, 232, 155, 232, 231, 154, 155, 231, 154, 231, 230, 153, 154, 230, 153, 229, 228, 153, 230, 229, 152, 153, 228, 151, 152, 228, 151, 228, 227, 150, 151, 227, 150, 227, 226, 447, 446, 300, 301, 300, 318, 302, 301, 318, 303, 302, 318, 304, 303, 318, 305, 304, 318, 306, 305, 318, 307, 306, 318, 308, 307, 318, 309, 308, 318, 310, 309, 318, 311, 310, 318, 312, 311, 318, 313, 312, 318, 314, 313, 318, 315, 314, 318, 316, 315, 318, 317, 316, 318, 320, 319, 318, 321, 320, 318, 322, 321, 318, 323, 322, 318, 324, 323, 318, 325, 324, 318, 326, 325, 318, 327, 326, 318, 328, 327, 318, 329, 328, 318, 330, 329, 318, 331, 330, 318, 332, 331, 318, 333, 332, 318, 334, 333, 318, 335, 334, 318, 336, 335, 318, 337, 336, 318, 338, 337, 318, 339, 338, 318, 340, 339, 318, 341, 340, 318, 342, 341, 318, 343, 342, 318, 344, 343, 318, 345, 344, 318, 346, 345, 318, 347, 346, 318, 348, 347, 318, 349, 348, 318, 350, 349, 318, 351, 350, 318, 352, 351, 318, 353, 352, 318, 354, 353, 318, 355, 354, 318, 356, 355, 318, 357, 356, 318, 358, 357, 318, 359, 358, 318, 360, 359, 318, 361, 360, 318, 362, 361, 318, 363, 362, 318, 364, 363, 318, 365, 364, 318, 366, 365, 318, 367, 366, 318, 368, 367, 318, 369, 368, 318, 370, 369, 318, 371, 370, 318, 372, 371, 318, 373, 372, 318, 374, 373, 318, 375, 374, 318, 376, 375, 318, 377, 376, 318, 378, 377, 318, 379, 378, 318, 380, 379, 318, 381, 380, 318, 382, 381, 318, 383, 382, 318, 384, 383, 318, 385, 384, 318, 386, 385, 318, 387, 386, 318, 388, 387, 318, 389, 388, 318, 390, 389, 318, 391, 390, 318, 392, 391, 318, 393, 392, 318, 394, 393, 318, 395, 394, 318, 396, 395, 318, 397, 396, 318, 398, 397, 318, 399, 398, 318, 400, 399, 318, 401, 400, 318, 402, 401, 318, 403, 402, 318, 404, 403, 318, 405, 404, 318, 406, 405, 318, 407, 406, 318, 408, 407, 318, 409, 408, 318, 410, 409, 318, 411, 410, 318, 412, 411, 318, 413, 412, 318, 414, 413, 318, 415, 414, 318, 416, 415, 318, 417, 416, 318, 418, 417, 318, 419, 418, 318, 420, 419, 318, 421, 420, 318, 422, 421, 318, 423, 422, 318, 424, 423, 318, 425, 424, 318, 426, 425, 318, 427, 426, 318, 428, 427, 318, 429, 428, 318, 430, 429, 318, 431, 430, 318, 432, 431, 318, 433, 432, 318, 434, 433, 318, 435, 434, 318, 436, 435, 318, 437, 436, 318, 438, 437, 318, 439, 438, 318, 440, 439, 318, 441, 440, 318, 442, 441, 318, 443, 442, 318, 444, 443, 318, 445, 444, 318, 446, 445, 318, 300, 446, 318, 448, 594, 595, 466, 448, 449, 466, 449, 450, 466, 450, 451, 466, 451, 452, 466, 452, 453, 466, 453, 454, 466, 454, 455, 466, 455, 456, 466, 456, 457, 466, 457, 458, 466, 458, 459, 466, 459, 460, 466, 460, 461, 466, 461, 462, 466, 462, 463, 466, 463, 464, 466, 464, 465, 466, 467, 468, 466, 468, 469, 466, 469, 470, 466, 470, 471, 466, 471, 472, 466, 472, 473, 466, 473, 474, 466, 474, 475, 466, 475, 476, 466, 476, 477, 466, 477, 478, 466, 478, 479, 466, 479, 480, 466, 480, 481, 466, 481, 482, 466, 482, 483, 466, 483, 484, 466, 484, 485, 466, 485, 486, 466, 486, 487, 466, 487, 488, 466, 488, 489, 466, 489, 490, 466, 490, 491, 466, 491, 492, 466, 492, 493, 466, 493, 494, 466, 494, 495, 466, 495, 496, 466, 496, 497, 466, 497, 498, 466, 498, 499, 466, 499, 500, 466, 500, 501, 466, 501, 502, 466, 502, 503, 466, 503, 504, 466, 504, 505, 466, 505, 506, 466, 506, 507, 466, 507, 508, 466, 508, 509, 466, 509, 510, 466, 510, 511, 466, 511, 512, 466, 512, 513, 466, 513, 514, 466, 514, 515, 466, 515, 516, 466, 516, 517, 466, 517, 518, 466, 518, 519, 466, 519, 520, 466, 520, 521, 466, 521, 522, 466, 522, 523, 466, 523, 524, 466, 524, 525, 466, 525, 526, 466, 526, 527, 466, 527, 528, 466, 528, 529, 466, 529, 530, 466, 530, 531, 466, 531, 532, 466, 532, 533, 466, 533, 534, 466, 534, 535, 466, 535, 536, 466, 536, 537, 466, 537, 538, 466, 538, 539, 466, 539, 540, 466, 540, 541, 466, 541, 542, 466, 542, 543, 466, 543, 544, 466, 544, 545, 466, 545, 546, 466, 546, 547, 466, 547, 548, 466, 548, 549, 466, 549, 550, 466, 550, 551, 466, 551, 552, 466, 552, 553, 466, 553, 554, 466, 554, 555, 466, 555, 556, 466, 556, 557, 466, 557, 558, 466, 558, 559, 466, 559, 560, 466, 560, 561, 466, 561, 562, 466, 562, 563, 466, 563, 564, 466, 564, 565, 466, 565, 566, 466, 566, 567, 466, 567, 568, 466, 568, 569, 466, 569, 570, 466, 570, 571, 466, 571, 572, 466, 572, 573, 466, 573, 574, 466, 574, 575, 466, 575, 576, 466, 576, 577, 466, 577, 578, 466, 578, 579, 466, 579, 580, 466, 580, 581, 466, 581, 582, 466, 582, 583, 466, 583, 584, 466, 584, 585, 466, 585, 586, 466, 586, 587, 466, 587, 588, 466, 588, 589, 466, 589, 590, 466, 590, 591, 466, 591, 592, 466, 592, 593, 466, 593, 594, 466, 594, 448]
                                point3f[] points = [(25, -1.53015, 6.88515), (25, -1.5301166, 6.8837304), (25, -1.5300139, 6.882288), (25, -1.5298384, 6.880827), (25, -1.5295874, 6.8793526), (25, -1.5292945, 6.8780184), (25, -1.5289752, 6.876816), (25, -1.5286024, 6.8756146), (25, -1.5281754, 6.8744183), (25, -1.5276937, 6.8732305), (25, -1.5271575, 6.8720546), (25, -1.5265669, 6.8708944), (25, -1.5259225, 6.869754), (25, -1.5252252, 6.868636), (25, -1.5244763, 6.867545), (25, -1.5236772, 6.866484), (25, -1.52283, 6.865457), (25, -1.5219369, 6.8644667), (25, -1.521, 6.8635163), (25, -1.5200225, 6.8626084), (25, -1.5190071, 6.861746), (25, -1.517957, 6.860931), (25, -1.5168755, 6.860165), (25, -1.5157663, 6.859451), (25, -1.5146327, 6.858789), (25, -1.5134785, 6.8581805), (25, -1.5123075, 6.8576264), (25, -1.5111232, 6.8571267), (25, -1.5099292, 6.856682), (25, -1.5087292, 6.8562913), (25, -1.5075266, 6.8559546), (25, -1.5063248, 6.855671), (25, -1.5051268, 6.855439), (25, -1.5039358, 6.855258), (25, -1.5027546, 6.855126), (25, -1.5015858, 6.8550415), (25, -1.5004318, 6.855003), (25, -1.499288, 6.8550086), (25, -1.4981301, 6.855058), (25, -1.496958, 6.855154), (25, -1.4957741, 6.8552976), (25, -1.4945812, 6.855491), (25, -1.4933821, 6.8557353), (25, -1.4921798, 6.856032), (25, -1.4909774, 6.856382), (25, -1.4897786, 6.8567853), (25, -1.4885867, 6.8572435), (25, -1.4874052, 6.8577566), (25, -1.4862379, 6.858324), (25, -1.4850885, 6.858946), (25, -1.4839605, 6.8596206), (25, -1.4828577, 6.8603473), (25, -1.4817836, 6.8611255), (25, -1.4807417, 6.8619523), (25, -1.4797353, 6.862826), (25, -1.4787674, 6.8637443), (25, -1.477841, 6.864705), (25, -1.4769588, 6.8657045), (25, -1.4761231, 6.86674), (25, -1.4753362, 6.867809), (25, -1.4745997, 6.8689065), (25, -1.4739152, 6.87003), (25, -1.4732839, 6.871176), (25, -1.4727066, 6.87234), (25, -1.4721836, 6.8735194), (25, -1.4717153, 6.8747096), (25, -1.4713016, 6.8759074), (25, -1.4709419, 6.8771095), (25, -1.4706357, 6.878312), (25, -1.4703819, 6.879512), (25, -1.4701793, 6.8807063), (25, -1.4700265, 6.881892), (25, -1.4699221, 6.8830667), (25, -1.4698678, 6.8841147), (25, -1.46985, 6.88515), (23, -1.53015, 6.88515), (23, -1.5301166, 6.8837304), (23, -1.5300139, 6.882288), (23, -1.5298384, 6.880827), (23, -1.5295874, 6.8793526), (23, -1.5292945, 6.8780184), (23, -1.5289752, 6.876816), (23, -1.5286024, 6.8756146), (23, -1.5281754, 6.8744183), (23, -1.5276937, 6.8732305), (23, -1.5271575, 6.8720546), (23, -1.5265669, 6.8708944), (23, -1.5259225, 6.869754), (23, -1.5252252, 6.868636), (23, -1.5244763, 6.867545), (23, -1.5236772, 6.866484), (23, -1.52283, 6.865457), (23, -1.5219369, 6.8644667), (23, -1.521, 6.8635163), (23, -1.5200225, 6.8626084), (23, -1.5190071, 6.861746), (23, -1.517957, 6.860931), (23, -1.5168755, 6.860165), (23, -1.5157663, 6.859451), (23, -1.5146327, 6.858789), (23, -1.5134785, 6.8581805), (23, -1.5123075, 6.8576264), (23, -1.5111232, 6.8571267), (23, -1.5099292, 6.856682), (23, -1.5087292, 6.8562913), (23, -1.5075266, 6.8559546), (23, -1.5063248, 6.855671), (23, -1.5051268, 6.855439), (23, -1.5039358, 6.855258), (23, -1.5027546, 6.855126), (23, -1.5015858, 6.8550415), (23, -1.5004318, 6.855003), (23, -1.499288, 6.8550086), (23, -1.4981301, 6.855058), (23, -1.496958, 6.855154), (23, -1.4957741, 6.8552976), (23, -1.4945812, 6.855491), (23, -1.4933821, 6.8557353), (23, -1.4921798, 6.856032), (23, -1.4909774, 6.856382), (23, -1.4897786, 6.8567853), (23, -1.4885867, 6.8572435), (23, -1.4874052, 6.8577566), (23, -1.4862379, 6.858324), (23, -1.4850885, 6.858946), (23, -1.4839605, 6.8596206), (23, -1.4828577, 6.8603473), (23, -1.4817836, 6.8611255), (23, -1.4807417, 6.8619523), (23, -1.4797353, 6.862826), (23, -1.4787674, 6.8637443), (23, -1.477841, 6.864705), (23, -1.4769588, 6.8657045), (23, -1.4761231, 6.86674), (23, -1.4753362, 6.867809), (23, -1.4745997, 6.8689065), (23, -1.4739152, 6.87003), (23, -1.4732839, 6.871176), (23, -1.4727066, 6.87234), (23, -1.4721836, 6.8735194), (23, -1.4717153, 6.8747096), (23, -1.4713016, 6.8759074), (23, -1.4709419, 6.8771095), (23, -1.4706357, 6.878312), (23, -1.4703819, 6.879512), (23, -1.4701793, 6.8807063), (23, -1.4700265, 6.881892), (23, -1.4699221, 6.8830667), (23, -1.4698678, 6.8841147), (23, -1.46985, 6.88515), (23, -1.46985, 6.88515), (23, -1.4698834, 6.8865695), (23, -1.4699861, 6.888012), (23, -1.4701616, 6.889473), (23, -1.4704126, 6.8909473), (23, -1.4707055, 6.8922815), (23, -1.4710248, 6.893484), (23, -1.4713976, 6.8946853), (23, -1.4718246, 6.8958817), (23, -1.4723063, 6.8970695), (23, -1.4728425, 6.8982453), (23, -1.4734331, 6.8994055), (23, -1.4740775, 6.9005466), (23, -1.4747748, 6.901664), (23, -1.4755237, 6.902755), (23, -1.4763228, 6.9038157), (23, -1.47717, 6.904843), (23, -1.4780631, 6.9058332), (23, -1.479, 6.9067836), (23, -1.4799775, 6.9076915), (23, -1.4809929, 6.908554), (23, -1.482043, 6.909369), (23, -1.4831245, 6.910135), (23, -1.4842337, 6.910849), (23, -1.4853673, 6.911511), (23, -1.4865215, 6.9121194), (23, -1.4876925, 6.9126735), (23, -1.4888768, 6.913173), (23, -1.4900708, 6.913618), (23, -1.4912708, 6.9140086), (23, -1.4924734, 6.9143453), (23, -1.4936752, 6.914629), (23, -1.4948732, 6.9148607), (23, -1.4960642, 6.915042), (23, -1.4972454, 6.915174), (23, -1.4984142, 6.9152584), (23, -1.4995682, 6.915297), (23, -1.500712, 6.915292), (23, -1.5018699, 6.915242), (23, -1.503042, 6.9151464), (23, -1.5042259, 6.9150023), (23, -1.5054188, 6.914809), (23, -1.5066179, 6.9145646), (23, -1.5078202, 6.914268), (23, -1.5090226, 6.9139185), (23, -1.5102214, 6.9135146), (23, -1.5114133, 6.9130564), (23, -1.5125948, 6.9125433), (23, -1.5137621, 6.911976), (23, -1.5149115, 6.9113545), (23, -1.5160395, 6.9106793), (23, -1.5171423, 6.9099526), (23, -1.5182164, 6.909175), (23, -1.5192583, 6.9083476), (23, -1.5202647, 6.907474), (23, -1.5212326, 6.9065557), (23, -1.522159, 6.905595), (23, -1.5230412, 6.9045954), (23, -1.5238769, 6.9035597), (23, -1.5246638, 6.902491), (23, -1.5254003, 6.9013934), (23, -1.5260848, 6.90027), (23, -1.5267161, 6.899124), (23, -1.5272934, 6.8979597), (23, -1.5278164, 6.8967805), (23, -1.5282847, 6.8955903), (23, -1.5286984, 6.8943925), (23, -1.5290581, 6.8931904), (23, -1.5293643, 6.891988), (23, -1.5296181, 6.890788), (23, -1.5298207, 6.8895936), (23, -1.5299735, 6.888408), (23, -1.5300779, 6.8872337), (23, -1.5301322, 6.886185), (23, -1.53015, 6.88515), (25, -1.53015, 6.88515), (25, -1.46985, 6.88515), (25, -1.4698834, 6.8865695), (25, -1.4699861, 6.888012), (25, -1.4701616, 6.889473), (25, -1.4704126, 6.8909473), (25, -1.4707055, 6.8922815), (25, -1.4710248, 6.893484), (25, -1.4713976, 6.8946853), (25, -1.4718246, 6.8958817), (25, -1.4723063, 6.8970695), (25, -1.4728425, 6.8982453), (25, -1.4734331, 6.8994055), (25, -1.4740775, 6.9005466), (25, -1.4747748, 6.901664), (25, -1.4755237, 6.902755), (25, -1.4763228, 6.9038157), (25, -1.47717, 6.904843), (25, -1.4780631, 6.9058332), (25, -1.479, 6.9067836), (25, -1.4799775, 6.9076915), (25, -1.4809929, 6.908554), (25, -1.482043, 6.909369), (25, -1.4831245, 6.910135), (25, -1.4842337, 6.910849), (25, -1.4853673, 6.911511), (25, -1.4865215, 6.9121194), (25, -1.4876925, 6.9126735), (25, -1.4888768, 6.913173), (25, -1.4900708, 6.913618), (25, -1.4912708, 6.9140086), (25, -1.4924734, 6.9143453), (25, -1.4936752, 6.914629), (25, -1.4948732, 6.9148607), (25, -1.4960642, 6.915042), (25, -1.4972454, 6.915174), (25, -1.4984142, 6.9152584), (25, -1.4995682, 6.915297), (25, -1.500712, 6.915292), (25, -1.5018699, 6.915242), (25, -1.503042, 6.9151464), (25, -1.5042259, 6.9150023), (25, -1.5054188, 6.914809), (25, -1.5066179, 6.9145646), (25, -1.5078202, 6.914268), (25, -1.5090226, 6.9139185), (25, -1.5102214, 6.9135146), (25, -1.5114133, 6.9130564), (25, -1.5125948, 6.9125433), (25, -1.5137621, 6.911976), (25, -1.5149115, 6.9113545), (25, -1.5160395, 6.9106793), (25, -1.5171423, 6.9099526), (25, -1.5182164, 6.909175), (25, -1.5192583, 6.9083476), (25, -1.5202647, 6.907474), (25, -1.5212326, 6.9065557), (25, -1.522159, 6.905595), (25, -1.5230412, 6.9045954), (25, -1.5238769, 6.9035597), (25, -1.5246638, 6.902491), (25, -1.5254003, 6.9013934), (25, -1.5260848, 6.90027), (25, -1.5267161, 6.899124), (25, -1.5272934, 6.8979597), (25, -1.5278164, 6.8967805), (25, -1.5282847, 6.8955903), (25, -1.5286984, 6.8943925), (25, -1.5290581, 6.8931904), (25, -1.5293643, 6.891988), (25, -1.5296181, 6.890788), (25, -1.5298207, 6.8895936), (25, -1.5299735, 6.888408), (25, -1.5300779, 6.8872337), (25, -1.5301322, 6.886185), (23, -1.46985, 6.88515), (23, -1.4698834, 6.8865695), (23, -1.4699861, 6.888012), (23, -1.4701616, 6.889473), (23, -1.4704126, 6.8909473), (23, -1.4707055, 6.8922815), (23, -1.4710248, 6.893484), (23, -1.4713976, 6.8946853), (23, -1.4718246, 6.8958817), (23, -1.4723063, 6.8970695), (23, -1.4728425, 6.8982453), (23, -1.4734331, 6.8994055), (23, -1.4740775, 6.9005466), (23, -1.4747748, 6.901664), (23, -1.4755237, 6.902755), (23, -1.4763228, 6.9038157), (23, -1.47717, 6.904843), (23, -1.4780631, 6.9058332), (23, -1.479, 6.9067836), (23, -1.4799775, 6.9076915), (23, -1.4809929, 6.908554), (23, -1.482043, 6.909369), (23, -1.4831245, 6.910135), (23, -1.4842337, 6.910849), (23, -1.4853673, 6.911511), (23, -1.4865215, 6.9121194), (23, -1.4876925, 6.9126735), (23, -1.4888768, 6.913173), (23, -1.4900708, 6.913618), (23, -1.4912708, 6.9140086), (23, -1.4924734, 6.9143453), (23, -1.4936752, 6.914629), (23, -1.4948732, 6.9148607), (23, -1.4960642, 6.915042), (23, -1.4972454, 6.915174), (23, -1.4984142, 6.9152584), (23, -1.4995682, 6.915297), (23, -1.500712, 6.915292), (23, -1.5018699, 6.915242), (23, -1.503042, 6.9151464), (23, -1.5042259, 6.9150023), (23, -1.5054188, 6.914809), (23, -1.5066179, 6.9145646), (23, -1.5078202, 6.914268), (23, -1.5090226, 6.9139185), (23, -1.5102214, 6.9135146), (23, -1.5114133, 6.9130564), (23, -1.5125948, 6.9125433), (23, -1.5137621, 6.911976), (23, -1.5149115, 6.9113545), (23, -1.5160395, 6.9106793), (23, -1.5171423, 6.9099526), (23, -1.5182164, 6.909175), (23, -1.5192583, 6.9083476), (23, -1.5202647, 6.907474), (23, -1.5212326, 6.9065557), (23, -1.522159, 6.905595), (23, -1.5230412, 6.9045954), (23, -1.5238769, 6.9035597), (23, -1.5246638, 6.902491), (23, -1.5254003, 6.9013934), (23, -1.5260848, 6.90027), (23, -1.5267161, 6.899124), (23, -1.5272934, 6.8979597), (23, -1.5278164, 6.8967805), (23, -1.5282847, 6.8955903), (23, -1.5286984, 6.8943925), (23, -1.5290581, 6.8931904), (23, -1.5293643, 6.891988), (23, -1.5296181, 6.890788), (23, -1.5298207, 6.8895936), (23, -1.5299735, 6.888408), (23, -1.5300779, 6.8872337), (23, -1.5301322, 6.886185), (23, -1.53015, 6.88515), (23, -1.5301166, 6.8837304), (23, -1.5300139, 6.882288), (23, -1.5298384, 6.880827), (23, -1.5295874, 6.8793526), (23, -1.5292945, 6.8780184), (23, -1.5289752, 6.876816), (23, -1.5286024, 6.8756146), (23, -1.5281754, 6.8744183), (23, -1.5276937, 6.8732305), (23, -1.5271575, 6.8720546), (23, -1.5265669, 6.8708944), (23, -1.5259225, 6.869754), (23, -1.5252252, 6.868636), (23, -1.5244763, 6.867545), (23, -1.5236772, 6.866484), (23, -1.52283, 6.865457), (23, -1.5219369, 6.8644667), (23, -1.521, 6.8635163), (23, -1.5200225, 6.8626084), (23, -1.5190071, 6.861746), (23, -1.517957, 6.860931), (23, -1.5168755, 6.860165), (23, -1.5157663, 6.859451), (23, -1.5146327, 6.858789), (23, -1.5134785, 6.8581805), (23, -1.5123075, 6.8576264), (23, -1.5111232, 6.8571267), (23, -1.5099292, 6.856682), (23, -1.5087292, 6.8562913), (23, -1.5075266, 6.8559546), (23, -1.5063248, 6.855671), (23, -1.5051268, 6.855439), (23, -1.5039358, 6.855258), (23, -1.5027546, 6.855126), (23, -1.5015858, 6.8550415), (23, -1.5004318, 6.855003), (23, -1.499288, 6.8550086), (23, -1.4981301, 6.855058), (23, -1.496958, 6.855154), (23, -1.4957741, 6.8552976), (23, -1.4945812, 6.855491), (23, -1.4933821, 6.8557353), (23, -1.4921798, 6.856032), (23, -1.4909774, 6.856382), (23, -1.4897786, 6.8567853), (23, -1.4885867, 6.8572435), (23, -1.4874052, 6.8577566), (23, -1.4862379, 6.858324), (23, -1.4850885, 6.858946), (23, -1.4839605, 6.8596206), (23, -1.4828577, 6.8603473), (23, -1.4817836, 6.8611255), (23, -1.4807417, 6.8619523), (23, -1.4797353, 6.862826), (23, -1.4787674, 6.8637443), (23, -1.477841, 6.864705), (23, -1.4769588, 6.8657045), (23, -1.4761231, 6.86674), (23, -1.4753362, 6.867809), (23, -1.4745997, 6.8689065), (23, -1.4739152, 6.87003), (23, -1.4732839, 6.871176), (23, -1.4727066, 6.87234), (23, -1.4721836, 6.8735194), (23, -1.4717153, 6.8747096), (23, -1.4713016, 6.8759074), (23, -1.4709419, 6.8771095), (23, -1.4706357, 6.878312), (23, -1.4703819, 6.879512), (23, -1.4701793, 6.8807063), (23, -1.4700265, 6.881892), (23, -1.4699221, 6.8830667), (23, -1.4698678, 6.8841147), (25, -1.46985, 6.88515), (25, -1.4698834, 6.8865695), (25, -1.4699861, 6.888012), (25, -1.4701616, 6.889473), (25, -1.4704126, 6.8909473), (25, -1.4707055, 6.8922815), (25, -1.4710248, 6.893484), (25, -1.4713976, 6.8946853), (25, -1.4718246, 6.8958817), (25, -1.4723063, 6.8970695), (25, -1.4728425, 6.8982453), (25, -1.4734331, 6.8994055), (25, -1.4740775, 6.9005466), (25, -1.4747748, 6.901664), (25, -1.4755237, 6.902755), (25, -1.4763228, 6.9038157), (25, -1.47717, 6.904843), (25, -1.4780631, 6.9058332), (25, -1.479, 6.9067836), (25, -1.4799775, 6.9076915), (25, -1.4809929, 6.908554), (25, -1.482043, 6.909369), (25, -1.4831245, 6.910135), (25, -1.4842337, 6.910849), (25, -1.4853673, 6.911511), (25, -1.4865215, 6.9121194), (25, -1.4876925, 6.9126735), (25, -1.4888768, 6.913173), (25, -1.4900708, 6.913618), (25, -1.4912708, 6.9140086), (25, -1.4924734, 6.9143453), (25, -1.4936752, 6.914629), (25, -1.4948732, 6.9148607), (25, -1.4960642, 6.915042), (25, -1.4972454, 6.915174), (25, -1.4984142, 6.9152584), (25, -1.4995682, 6.915297), (25, -1.500712, 6.915292), (25, -1.5018699, 6.915242), (25, -1.503042, 6.9151464), (25, -1.5042259, 6.9150023), (25, -1.5054188, 6.914809), (25, -1.5066179, 6.9145646), (25, -1.5078202, 6.914268), (25, -1.5090226, 6.9139185), (25, -1.5102214, 6.9135146), (25, -1.5114133, 6.9130564), (25, -1.5125948, 6.9125433), (25, -1.5137621, 6.911976), (25, -1.5149115, 6.9113545), (25, -1.5160395, 6.9106793), (25, -1.5171423, 6.9099526), (25, -1.5182164, 6.909175), (25, -1.5192583, 6.9083476), (25, -1.5202647, 6.907474), (25, -1.5212326, 6.9065557), (25, -1.522159, 6.905595), (25, -1.5230412, 6.9045954), (25, -1.5238769, 6.9035597), (25, -1.5246638, 6.902491), (25, -1.5254003, 6.9013934), (25, -1.5260848, 6.90027), (25, -1.5267161, 6.899124), (25, -1.5272934, 6.8979597), (25, -1.5278164, 6.8967805), (25, -1.5282847, 6.8955903), (25, -1.5286984, 6.8943925), (25, -1.5290581, 6.8931904), (25, -1.5293643, 6.891988), (25, -1.5296181, 6.890788), (25, -1.5298207, 6.8895936), (25, -1.5299735, 6.888408), (25, -1.5300779, 6.8872337), (25, -1.5301322, 6.886185), (25, -1.53015, 6.88515), (25, -1.5301166, 6.8837304), (25, -1.5300139, 6.882288), (25, -1.5298384, 6.880827), (25, -1.5295874, 6.8793526), (25, -1.5292945, 6.8780184), (25, -1.5289752, 6.876816), (25, -1.5286024, 6.8756146), (25, -1.5281754, 6.8744183), (25, -1.5276937, 6.8732305), (25, -1.5271575, 6.8720546), (25, -1.5265669, 6.8708944), (25, -1.5259225, 6.869754), (25, -1.5252252, 6.868636), (25, -1.5244763, 6.867545), (25, -1.5236772, 6.866484), (25, -1.52283, 6.865457), (25, -1.5219369, 6.8644667), (25, -1.521, 6.8635163), (25, -1.5200225, 6.8626084), (25, -1.5190071, 6.861746), (25, -1.517957, 6.860931), (25, -1.5168755, 6.860165), (25, -1.5157663, 6.859451), (25, -1.5146327, 6.858789), (25, -1.5134785, 6.8581805), (25, -1.5123075, 6.8576264), (25, -1.5111232, 6.8571267), (25, -1.5099292, 6.856682), (25, -1.5087292, 6.8562913), (25, -1.5075266, 6.8559546), (25, -1.5063248, 6.855671), (25, -1.5051268, 6.855439), (25, -1.5039358, 6.855258), (25, -1.5027546, 6.855126), (25, -1.5015858, 6.8550415), (25, -1.5004318, 6.855003), (25, -1.499288, 6.8550086), (25, -1.4981301, 6.855058), (25, -1.496958, 6.855154), (25, -1.4957741, 6.8552976), (25, -1.4945812, 6.855491), (25, -1.4933821, 6.8557353), (25, -1.4921798, 6.856032), (25, -1.4909774, 6.856382), (25, -1.4897786, 6.8567853), (25, -1.4885867, 6.8572435), (25, -1.4874052, 6.8577566), (25, -1.4862379, 6.858324), (25, -1.4850885, 6.858946), (25, -1.4839605, 6.8596206), (25, -1.4828577, 6.8603473), (25, -1.4817836, 6.8611255), (25, -1.4807417, 6.8619523), (25, -1.4797353, 6.862826), (25, -1.4787674, 6.8637443), (25, -1.477841, 6.864705), (25, -1.4769588, 6.8657045), (25, -1.4761231, 6.86674), (25, -1.4753362, 6.867809), (25, -1.4745997, 6.8689065), (25, -1.4739152, 6.87003), (25, -1.4732839, 6.871176), (25, -1.4727066, 6.87234), (25, -1.4721836, 6.8735194), (25, -1.4717153, 6.8747096), (25, -1.4713016, 6.8759074), (25, -1.4709419, 6.8771095), (25, -1.4706357, 6.878312), (25, -1.4703819, 6.879512), (25, -1.4701793, 6.8807063), (25, -1.4700265, 6.881892), (25, -1.4699221, 6.8830667), (25, -1.4698678, 6.8841147)]
                                color3f[] primvars:displayColor = [(0.72, 0.77, 0.8)]
                                uniform token purpose = "proxy"
                                uniform token subdivisionScheme = "none"
                                uniform token subsetFamily:materialBind:familyType = "partition"
                                matrix4d xformOp:transform = ( (1, 0, 0, 0), (0, 1, 0, 0), (0, 0, 1, 0), (0, 0, 0, 1) )
                                uniform token[] xformOpOrder = ["xformOp:transform"]

                                def GeomSubset "Material_0" (
                                    prepend apiSchemas = ["MaterialBindingAPI"]
                                )
                                {
                                    uniform token elementType = "face"
                                    uniform token familyName = "materialBind"
                                    int[] indices = [0, 1, 2, 3, 4, 5, 6, 7, 8, 9, 10, 11, 12, 13, 14, 15, 16, 17, 18, 19, 20, 21, 22, 23, 24, 25, 26, 27, 28, 29, 30, 31, 32, 33, 34, 35, 36, 37, 38, 39, 40, 41, 42, 43, 44, 45, 46, 47, 48, 49, 50, 51, 52, 53, 54, 55, 56, 57, 58, 59, 60, 61, 62, 63, 64, 65, 66, 67, 68, 69, 70, 71, 72, 73, 74, 75, 76, 77, 78, 79, 80, 81, 82, 83, 84, 85, 86, 87, 88, 89, 90, 91, 92, 93, 94, 95, 96, 97, 98, 99, 100, 101, 102, 103, 104, 105, 106, 107, 108, 109, 110, 111, 112, 113, 114, 115, 116, 117, 118, 119, 120, 121, 122, 123, 124, 125, 126, 127, 128, 129, 130, 131, 132, 133, 134, 135, 136, 137, 138, 139, 140, 141, 142, 143, 144, 145, 146, 147, 148, 149, 150, 151, 152, 153, 154, 155, 156, 157, 158, 159, 160, 161, 162, 163, 164, 165, 166, 167, 168, 169, 170, 171, 172, 173, 174, 175, 176, 177, 178, 179, 180, 181, 182, 183, 184, 185, 186, 187, 188, 189, 190, 191, 192, 193, 194, 195, 196, 197, 198, 199, 200, 201, 202, 203, 204, 205, 206, 207, 208, 209, 210, 211, 212, 213, 214, 215, 216, 217, 218, 219, 220, 221, 222, 223, 224, 225, 226, 227, 228, 229, 230, 231, 232, 233, 234, 235, 236, 237, 238, 239, 240, 241, 242, 243, 244, 245, 246, 247, 248, 249, 250, 251, 252, 253, 254, 255, 256, 257, 258, 259, 260, 261, 262, 263, 264, 265, 266, 267, 268, 269, 270, 271, 272, 273, 274, 275, 276, 277, 278, 279, 280, 281, 282, 283, 284, 285, 286, 287, 288, 289, 290, 291, 292, 293, 294, 295, 296, 297, 298, 299, 300, 301, 302, 303, 304, 305, 306, 307, 308, 309, 310, 311, 312, 313, 314, 315, 316, 317, 318, 319, 320, 321, 322, 323, 324, 325, 326, 327, 328, 329, 330, 331, 332, 333, 334, 335, 336, 337, 338, 339, 340, 341, 342, 343, 344, 345, 346, 347, 348, 349, 350, 351, 352, 353, 354, 355, 356, 357, 358, 359, 360, 361, 362, 363, 364, 365, 366, 367, 368, 369, 370, 371, 372, 373, 374, 375, 376, 377, 378, 379, 380, 381, 382, 383, 384, 385, 386, 387, 388, 389, 390, 391, 392, 393, 394, 395, 396, 397, 398, 399, 400, 401, 402, 403, 404, 405, 406, 407, 408, 409, 410, 411, 412, 413, 414, 415, 416, 417, 418, 419, 420, 421, 422, 423, 424, 425, 426, 427, 428, 429, 430, 431, 432, 433, 434, 435, 436, 437, 438, 439, 440, 441, 442, 443, 444, 445, 446, 447, 448, 449, 450, 451, 452, 453, 454, 455, 456, 457, 458, 459, 460, 461, 462, 463, 464, 465, 466, 467, 468, 469, 470, 471, 472, 473, 474, 475, 476, 477, 478, 479, 480, 481, 482, 483, 484, 485, 486, 487, 488, 489, 490, 491, 492, 493, 494, 495, 496, 497, 498, 499, 500, 501, 502, 503, 504, 505, 506, 507, 508, 509, 510, 511, 512, 513, 514, 515, 516, 517, 518, 519, 520, 521, 522, 523, 524, 525, 526, 527, 528, 529, 530, 531, 532, 533, 534, 535, 536, 537, 538, 539, 540, 541, 542, 543, 544, 545, 546, 547, 548, 549, 550, 551, 552, 553, 554, 555, 556, 557, 558, 559, 560, 561, 562, 563, 564, 565, 566, 567, 568, 569, 570, 571, 572, 573, 574, 575, 576, 577, 578, 579, 580, 581, 582, 583, 584, 585, 586, 587]
                                    rel material:binding = </ExactMaterials/m_9a001bef363f28cc>
                                }
                            }

                            def BasisCurves "Edges" (
                                prepend apiSchemas = ["AecoDerivedGeometryAPI"]
                            )
                            {
                                uniform token aeco:derived:approx = "arcSegmented"
                                rel aeco:derived:from = </demo_datacentre_01/demo_datacentre_01_Site/demo_datacentre_01/L01_Office/Office_Corridor_L01/Corridor_ceiling_void/pipe_clash_near/BodyExact>
                                uniform token aeco:derived:role = "wireframe"
                                string aeco:derived:source = "6e5a2055-fc33-5dd4-8df1-af4a6e337adb"
                                string aeco:derived:stamp = "aeco-ifc-exact 0.2.0 source=da706249d3a2d81eafe97320b6dcf79cd05cb980fd0e494371adbe2288e0cf21"
                                double aeco:derived:tolerance = 0.0001
                                int[] curveVertexCounts = [33, 2, 33, 2, 33, 33]
                                point3f[] points = [(25, -1.53015, 6.88515), (25, -1.530028, 6.882441), (25, -1.5296466, 6.879664), (25, -1.5289862, 6.876854), (25, -1.5280331, 6.874052), (25, -1.5267818, 6.871302), (25, -1.5252354, 6.8686514), (25, -1.5234071, 6.8661466), (25, -1.5213193, 6.8638306), (25, -1.5190035, 6.861743), (25, -1.5164983, 6.859915), (25, -1.5138477, 6.8583684), (25, -1.511098, 6.8571167), (25, -1.508296, 6.856164), (25, -1.5054861, 6.8555036), (25, -1.5027092, 6.855122), (25, -1.5, 6.855), (25, -1.4972908, 6.855122), (25, -1.4945139, 6.8555036), (25, -1.491704, 6.856164), (25, -1.488902, 6.8571167), (25, -1.4861523, 6.8583684), (25, -1.4835017, 6.859915), (25, -1.4809965, 6.861743), (25, -1.4786807, 6.8638306), (25, -1.4765929, 6.8661466), (25, -1.4747646, 6.8686514), (25, -1.4732182, 6.871302), (25, -1.4719669, 6.874052), (25, -1.4710138, 6.876854), (25, -1.4703534, 6.879664), (25, -1.469972, 6.882441), (25, -1.46985, 6.88515), (25, -1.53015, 6.88515), (23, -1.53015, 6.88515), (23, -1.53015, 6.88515), (23, -1.530028, 6.882441), (23, -1.5296466, 6.879664), (23, -1.5289862, 6.876854), (23, -1.5280331, 6.874052), (23, -1.5267818, 6.871302), (23, -1.5252354, 6.8686514), (23, -1.5234071, 6.8661466), (23, -1.5213193, 6.8638306), (23, -1.5190035, 6.861743), (23, -1.5164983, 6.859915), (23, -1.5138477, 6.8583684), (23, -1.511098, 6.8571167), (23, -1.508296, 6.856164), (23, -1.5054861, 6.8555036), (23, -1.5027092, 6.855122), (23, -1.5, 6.855), (23, -1.4972908, 6.855122), (23, -1.4945139, 6.8555036), (23, -1.491704, 6.856164), (23, -1.488902, 6.8571167), (23, -1.4861523, 6.8583684), (23, -1.4835017, 6.859915), (23, -1.4809965, 6.861743), (23, -1.4786807, 6.8638306), (23, -1.4765929, 6.8661466), (23, -1.4747646, 6.8686514), (23, -1.4732182, 6.871302), (23, -1.4719669, 6.874052), (23, -1.4710138, 6.876854), (23, -1.4703534, 6.879664), (23, -1.469972, 6.882441), (23, -1.46985, 6.88515), (23, -1.46985, 6.88515), (25, -1.46985, 6.88515), (23, -1.46985, 6.88515), (23, -1.469972, 6.8878593), (23, -1.4703534, 6.890636), (23, -1.4710138, 6.893446), (23, -1.4719669, 6.896248), (23, -1.4732182, 6.898998), (23, -1.4747646, 6.9016485), (23, -1.4765929, 6.9041533), (23, -1.4786807, 6.9064693), (23, -1.4809965, 6.908557), (23, -1.4835017, 6.9103856), (23, -1.4861523, 6.911932), (23, -1.488902, 6.913183), (23, -1.491704, 6.9141364), (23, -1.4945139, 6.914797), (23, -1.4972908, 6.915178), (23, -1.5, 6.9153), (23, -1.5027092, 6.915178), (23, -1.5054861, 6.914797), (23, -1.508296, 6.9141364), (23, -1.511098, 6.913183), (23, -1.5138477, 6.911932), (23, -1.5164983, 6.9103856), (23, -1.5190035, 6.908557), (23, -1.5213193, 6.9064693), (23, -1.5234071, 6.9041533), (23, -1.5252354, 6.9016485), (23, -1.5267818, 6.898998), (23, -1.5280331, 6.896248), (23, -1.5289862, 6.893446), (23, -1.5296466, 6.890636), (23, -1.530028, 6.8878593), (23, -1.53015, 6.88515), (25, -1.46985, 6.88515), (25, -1.469972, 6.8878593), (25, -1.4703534, 6.890636), (25, -1.4710138, 6.893446), (25, -1.4719669, 6.896248), (25, -1.4732182, 6.898998), (25, -1.4747646, 6.9016485), (25, -1.4765929, 6.9041533), (25, -1.4786807, 6.9064693), (25, -1.4809965, 6.908557), (25, -1.4835017, 6.9103856), (25, -1.4861523, 6.911932), (25, -1.488902, 6.913183), (25, -1.491704, 6.9141364), (25, -1.4945139, 6.914797), (25, -1.4972908, 6.915178), (25, -1.5, 6.9153), (25, -1.5027092, 6.915178), (25, -1.5054861, 6.914797), (25, -1.508296, 6.9141364), (25, -1.511098, 6.913183), (25, -1.5138477, 6.911932), (25, -1.5164983, 6.9103856), (25, -1.5190035, 6.908557), (25, -1.5213193, 6.9064693), (25, -1.5234071, 6.9041533), (25, -1.5252354, 6.9016485), (25, -1.5267818, 6.898998), (25, -1.5280331, 6.896248), (25, -1.5289862, 6.893446), (25, -1.5296466, 6.890636), (25, -1.530028, 6.8878593), (25, -1.53015, 6.88515)]
                                color3f[] primvars:displayColor = [(0.04, 0.08, 0.12)]
                                uniform token purpose = "guide"
                                uniform token type = "linear"
                                float[] widths = [0.004] (
                                    interpolation = "constant"
                                )
                                uniform token wrap = "nonperiodic"
                                matrix4d xformOp:transform = ( (1, 0, 0, 0), (0, 1, 0, 0), (0, 0, 1, 0), (0, 0, 0, 1) )
                                uniform token[] xformOpOrder = ["xformOp:transform"]
                            }

                            over "Geom"
                            {
                                token visibility = "invisible"
                            }
                        }

                        def "pipe_clash_tangent"
                        {
                            def Mesh "Body" (
                                prepend apiSchemas = ["AecoDerivedGeometryAPI"]
                            )
                            {
                                uniform token aeco:derived:approx = "tessellated"
                                rel aeco:derived:from = </demo_datacentre_01/demo_datacentre_01_Site/demo_datacentre_01/L01_Office/Office_Corridor_L01/Corridor_ceiling_void/pipe_clash_tangent/BodyExact>
                                uniform token aeco:derived:role = "body"
                                string aeco:derived:source = "f48386c3-5bfd-55b0-8010-7c0321905d51"
                                string aeco:derived:stamp = "aeco-ifc-exact 0.2.0 source=9d7619c4f6d154bf2af44b6dda1b917e320b504e84d4fdd6b6e19ae3bd598913"
                                double aeco:derived:tolerance = 0.0001
                                uniform bool doubleSided = 1
                                float3[] extent = [(23, -2.925, 6.769853), (25, -2.8647, 6.830147)]
                                int[] faceVertexCounts = [3, 3, 3, 3, 3, 3, 3, 3, 3, 3, 3, 3, 3, 3, 3, 3, 3, 3, 3, 3, 3, 3, 3, 3, 3, 3, 3, 3, 3, 3, 3, 3, 3, 3, 3, 3, 3, 3, 3, 3, 3, 3, 3, 3, 3, 3, 3, 3, 3, 3, 3, 3, 3, 3, 3, 3, 3, 3, 3, 3, 3, 3, 3, 3, 3, 3, 3, 3, 3, 3, 3, 3, 3, 3, 3, 3, 3, 3, 3, 3, 3, 3, 3, 3, 3, 3, 3, 3, 3, 3, 3, 3, 3, 3, 3, 3, 3, 3, 3, 3, 3, 3, 3, 3, 3, 3, 3, 3, 3, 3, 3, 3, 3, 3, 3, 3, 3, 3, 3, 3, 3, 3, 3, 3, 3, 3, 3, 3, 3, 3, 3, 3, 3, 3, 3, 3, 3, 3, 3, 3, 3, 3, 3, 3, 3, 3, 3, 3, 3, 3, 3, 3, 3, 3, 3, 3, 3, 3, 3, 3, 3, 3, 3, 3, 3, 3, 3, 3, 3, 3, 3, 3, 3, 3, 3, 3, 3, 3, 3, 3, 3, 3, 3, 3, 3, 3, 3, 3, 3, 3, 3, 3, 3, 3, 3, 3, 3, 3, 3, 3, 3, 3, 3, 3, 3, 3, 3, 3, 3, 3, 3, 3, 3, 3, 3, 3, 3, 3, 3, 3, 3, 3, 3, 3, 3, 3, 3, 3, 3, 3, 3, 3, 3, 3, 3, 3, 3, 3, 3, 3, 3, 3, 3, 3, 3, 3, 3, 3, 3, 3, 3, 3, 3, 3, 3, 3, 3, 3, 3, 3, 3, 3, 3, 3, 3, 3, 3, 3, 3, 3, 3, 3, 3, 3, 3, 3, 3, 3, 3, 3, 3, 3, 3, 3, 3, 3, 3, 3, 3, 3, 3, 3, 3, 3, 3, 3, 3, 3, 3, 3, 3, 3, 3, 3, 3, 3, 3, 3, 3, 3, 3, 3, 3, 3, 3, 3, 3, 3, 3, 3, 3, 3, 3, 3, 3, 3, 3, 3, 3, 3, 3, 3, 3, 3, 3, 3, 3, 3, 3, 3, 3, 3, 3, 3, 3, 3, 3, 3, 3, 3, 3, 3, 3, 3, 3, 3, 3, 3, 3, 3, 3, 3, 3, 3, 3, 3, 3, 3, 3, 3, 3, 3, 3, 3, 3, 3, 3, 3, 3, 3, 3, 3, 3, 3, 3, 3, 3, 3, 3, 3, 3, 3, 3, 3, 3, 3, 3, 3, 3, 3, 3, 3, 3, 3, 3, 3, 3, 3, 3, 3, 3, 3, 3, 3, 3, 3, 3, 3, 3, 3, 3, 3, 3, 3, 3, 3, 3, 3, 3, 3, 3, 3, 3, 3, 3, 3, 3, 3, 3, 3, 3, 3, 3, 3, 3, 3, 3, 3, 3, 3, 3, 3, 3, 3, 3, 3, 3, 3, 3, 3, 3, 3, 3, 3, 3, 3, 3, 3, 3, 3, 3, 3, 3, 3, 3, 3, 3, 3, 3, 3, 3, 3, 3, 3, 3, 3, 3, 3, 3, 3, 3, 3, 3, 3, 3, 3, 3, 3, 3, 3, 3, 3, 3, 3, 3, 3, 3, 3, 3, 3, 3, 3, 3, 3, 3, 3, 3, 3, 3, 3, 3, 3, 3, 3, 3, 3, 3, 3, 3, 3, 3, 3, 3, 3, 3, 3, 3, 3, 3, 3, 3, 3, 3, 3, 3, 3, 3, 3, 3, 3, 3, 3, 3, 3, 3, 3, 3, 3, 3, 3, 3, 3, 3, 3, 3, 3, 3, 3, 3, 3, 3, 3, 3, 3, 3, 3, 3, 3, 3, 3, 3, 3, 3, 3, 3, 3, 3, 3]
                                int[] faceVertexIndices = [148, 149, 74, 148, 74, 73, 147, 148, 73, 147, 73, 72, 146, 147, 72, 146, 72, 71, 145, 71, 70, 145, 146, 71, 144, 145, 70, 144, 70, 69, 143, 69, 68, 143, 144, 69, 142, 68, 67, 142, 143, 68, 141, 67, 66, 141, 142, 67, 140, 65, 64, 140, 66, 65, 140, 141, 66, 139, 140, 64, 138, 64, 63, 138, 139, 64, 137, 138, 63, 137, 63, 62, 136, 137, 62, 136, 61, 60, 136, 62, 61, 135, 136, 60, 135, 60, 59, 134, 135, 59, 133, 134, 59, 133, 59, 58, 132, 133, 58, 132, 58, 57, 131, 132, 57, 131, 57, 56, 130, 131, 56, 130, 56, 55, 129, 130, 55, 129, 54, 53, 129, 55, 54, 128, 129, 53, 127, 128, 53, 127, 53, 52, 126, 127, 52, 126, 51, 50, 126, 52, 51, 125, 126, 50, 124, 50, 49, 124, 125, 50, 123, 48, 47, 123, 49, 48, 123, 124, 49, 122, 123, 47, 121, 47, 46, 121, 122, 47, 120, 46, 45, 120, 121, 46, 119, 45, 44, 119, 120, 45, 118, 44, 43, 118, 119, 44, 117, 43, 42, 117, 118, 43, 116, 42, 41, 116, 117, 42, 115, 41, 40, 115, 116, 41, 114, 40, 39, 114, 115, 40, 113, 39, 38, 113, 114, 39, 112, 113, 38, 112, 38, 37, 111, 112, 37, 111, 37, 36, 110, 111, 36, 110, 36, 35, 109, 110, 35, 109, 35, 34, 108, 109, 34, 108, 34, 33, 107, 108, 33, 107, 32, 31, 107, 33, 32, 106, 107, 31, 105, 106, 31, 105, 31, 30, 104, 30, 29, 104, 105, 30, 103, 29, 28, 103, 104, 29, 102, 28, 27, 102, 103, 28, 101, 27, 26, 101, 102, 27, 100, 26, 25, 100, 101, 26, 99, 24, 23, 99, 25, 24, 99, 100, 25, 98, 99, 23, 97, 23, 22, 97, 98, 23, 96, 21, 20, 96, 22, 21, 96, 97, 22, 95, 20, 19, 95, 96, 20, 94, 95, 19, 93, 19, 18, 93, 94, 19, 92, 18, 17, 92, 93, 18, 91, 17, 16, 91, 92, 17, 90, 16, 15, 90, 91, 16, 89, 15, 14, 89, 90, 15, 88, 14, 13, 88, 89, 14, 87, 13, 12, 87, 88, 13, 86, 87, 12, 86, 12, 11, 85, 86, 11, 85, 10, 9, 85, 11, 10, 84, 85, 9, 83, 8, 7, 83, 9, 8, 83, 84, 9, 82, 83, 7, 81, 7, 6, 81, 82, 7, 80, 6, 5, 80, 81, 6, 79, 5, 4, 79, 80, 5, 78, 3, 2, 78, 4, 3, 78, 79, 4, 77, 78, 2, 76, 2, 1, 76, 77, 2, 75, 1, 0, 75, 76, 1, 224, 225, 299, 223, 224, 299, 222, 299, 298, 222, 223, 299, 221, 298, 297, 221, 222, 298, 220, 297, 296, 220, 221, 297, 219, 296, 295, 219, 220, 296, 218, 295, 294, 218, 219, 295, 217, 294, 293, 217, 218, 294, 216, 293, 292, 216, 217, 293, 215, 292, 291, 215, 216, 292, 214, 291, 290, 214, 215, 291, 213, 289, 288, 213, 290, 289, 213, 214, 290, 212, 213, 288, 211, 212, 288, 211, 288, 287, 210, 211, 287, 210, 287, 286, 209, 210, 286, 209, 286, 285, 208, 209, 285, 208, 285, 284, 207, 208, 284, 207, 284, 283, 206, 207, 283, 206, 283, 282, 205, 281, 280, 205, 282, 281, 205, 206, 282, 204, 205, 280, 203, 280, 279, 203, 204, 280, 202, 279, 278, 202, 203, 279, 201, 278, 277, 201, 202, 278, 200, 276, 275, 200, 277, 276, 200, 201, 277, 199, 200, 275, 198, 274, 273, 198, 275, 274, 198, 199, 275, 197, 198, 273, 196, 273, 272, 196, 197, 273, 195, 271, 270, 195, 272, 271, 195, 196, 272, 194, 195, 270, 193, 270, 269, 193, 194, 270, 192, 268, 267, 192, 269, 268, 192, 193, 269, 191, 192, 267, 190, 267, 266, 190, 191, 267, 189, 266, 265, 189, 190, 266, 188, 265, 264, 188, 189, 265, 187, 188, 264, 187, 264, 263, 186, 187, 263, 186, 263, 262, 185, 261, 260, 185, 262, 261, 185, 186, 262, 184, 185, 260, 183, 260, 259, 183, 184, 260, 182, 259, 258, 182, 183, 259, 181, 258, 257, 181, 182, 258, 180, 256, 255, 180, 257, 256, 180, 181, 257, 179, 180, 255, 178, 255, 254, 178, 179, 255, 177, 254, 253, 177, 178, 254, 176, 252, 251, 176, 253, 252, 176, 177, 253, 175, 176, 251, 174, 175, 251, 174, 251, 250, 173, 174, 250, 173, 250, 249, 172, 173, 249, 172, 248, 247, 172, 249, 248, 171, 172, 247, 171, 247, 246, 170, 171, 246, 169, 170, 246, 169, 246, 245, 168, 169, 245, 168, 245, 244, 167, 168, 244, 167, 244, 243, 166, 167, 243, 166, 243, 242, 165, 242, 241, 165, 166, 242, 164, 241, 240, 164, 165, 241, 163, 240, 239, 163, 164, 240, 162, 163, 239, 162, 239, 238, 161, 162, 238, 161, 238, 237, 160, 161, 237, 160, 237, 236, 159, 160, 236, 159, 236, 235, 158, 159, 235, 158, 234, 233, 158, 235, 234, 157, 158, 233, 156, 157, 233, 156, 233, 232, 155, 156, 232, 155, 232, 231, 154, 155, 231, 154, 230, 229, 154, 231, 230, 153, 154, 229, 152, 153, 229, 152, 229, 228, 151, 152, 228, 151, 228, 227, 150, 151, 227, 150, 227, 226, 447, 446, 300, 301, 300, 318, 302, 301, 318, 303, 302, 318, 304, 303, 318, 305, 304, 318, 306, 305, 318, 307, 306, 318, 308, 307, 318, 309, 308, 318, 310, 309, 318, 311, 310, 318, 312, 311, 318, 313, 312, 318, 314, 313, 318, 315, 314, 318, 316, 315, 318, 317, 316, 318, 320, 319, 318, 321, 320, 318, 322, 321, 318, 323, 322, 318, 324, 323, 318, 325, 324, 318, 326, 325, 318, 327, 326, 318, 328, 327, 318, 329, 328, 318, 330, 329, 318, 331, 330, 318, 332, 331, 318, 333, 332, 318, 334, 333, 318, 335, 334, 318, 336, 335, 318, 337, 336, 318, 338, 337, 318, 339, 338, 318, 340, 339, 318, 341, 340, 318, 342, 341, 318, 343, 342, 318, 344, 343, 318, 345, 344, 318, 346, 345, 318, 347, 346, 318, 348, 347, 318, 349, 348, 318, 350, 349, 318, 351, 350, 318, 352, 351, 318, 353, 352, 318, 354, 353, 318, 355, 354, 318, 356, 355, 318, 357, 356, 318, 358, 357, 318, 359, 358, 318, 360, 359, 318, 361, 360, 318, 362, 361, 318, 363, 362, 318, 364, 363, 318, 365, 364, 318, 366, 365, 318, 367, 366, 318, 368, 367, 318, 369, 368, 318, 370, 369, 318, 371, 370, 318, 372, 371, 318, 373, 372, 318, 374, 373, 318, 375, 374, 318, 376, 375, 318, 377, 376, 318, 378, 377, 318, 379, 378, 318, 380, 379, 318, 381, 380, 318, 382, 381, 318, 383, 382, 318, 384, 383, 318, 385, 384, 318, 386, 385, 318, 387, 386, 318, 388, 387, 318, 389, 388, 318, 390, 389, 318, 391, 390, 318, 392, 391, 318, 393, 392, 318, 394, 393, 318, 395, 394, 318, 396, 395, 318, 397, 396, 318, 398, 397, 318, 399, 398, 318, 400, 399, 318, 401, 400, 318, 402, 401, 318, 403, 402, 318, 404, 403, 318, 405, 404, 318, 406, 405, 318, 407, 406, 318, 408, 407, 318, 409, 408, 318, 410, 409, 318, 411, 410, 318, 412, 411, 318, 413, 412, 318, 414, 413, 318, 415, 414, 318, 416, 415, 318, 417, 416, 318, 418, 417, 318, 419, 418, 318, 420, 419, 318, 421, 420, 318, 422, 421, 318, 423, 422, 318, 424, 423, 318, 425, 424, 318, 426, 425, 318, 427, 426, 318, 428, 427, 318, 429, 428, 318, 430, 429, 318, 431, 430, 318, 432, 431, 318, 433, 432, 318, 434, 433, 318, 435, 434, 318, 436, 435, 318, 437, 436, 318, 438, 437, 318, 439, 438, 318, 440, 439, 318, 441, 440, 318, 442, 441, 318, 443, 442, 318, 444, 443, 318, 445, 444, 318, 446, 445, 318, 300, 446, 318, 448, 594, 595, 466, 448, 449, 466, 449, 450, 466, 450, 451, 466, 451, 452, 466, 452, 453, 466, 453, 454, 466, 454, 455, 466, 455, 456, 466, 456, 457, 466, 457, 458, 466, 458, 459, 466, 459, 460, 466, 460, 461, 466, 461, 462, 466, 462, 463, 466, 463, 464, 466, 464, 465, 466, 467, 468, 466, 468, 469, 466, 469, 470, 466, 470, 471, 466, 471, 472, 466, 472, 473, 466, 473, 474, 466, 474, 475, 466, 475, 476, 466, 476, 477, 466, 477, 478, 466, 478, 479, 466, 479, 480, 466, 480, 481, 466, 481, 482, 466, 482, 483, 466, 483, 484, 466, 484, 485, 466, 485, 486, 466, 486, 487, 466, 487, 488, 466, 488, 489, 466, 489, 490, 466, 490, 491, 466, 491, 492, 466, 492, 493, 466, 493, 494, 466, 494, 495, 466, 495, 496, 466, 496, 497, 466, 497, 498, 466, 498, 499, 466, 499, 500, 466, 500, 501, 466, 501, 502, 466, 502, 503, 466, 503, 504, 466, 504, 505, 466, 505, 506, 466, 506, 507, 466, 507, 508, 466, 508, 509, 466, 509, 510, 466, 510, 511, 466, 511, 512, 466, 512, 513, 466, 513, 514, 466, 514, 515, 466, 515, 516, 466, 516, 517, 466, 517, 518, 466, 518, 519, 466, 519, 520, 466, 520, 521, 466, 521, 522, 466, 522, 523, 466, 523, 524, 466, 524, 525, 466, 525, 526, 466, 526, 527, 466, 527, 528, 466, 528, 529, 466, 529, 530, 466, 530, 531, 466, 531, 532, 466, 532, 533, 466, 533, 534, 466, 534, 535, 466, 535, 536, 466, 536, 537, 466, 537, 538, 466, 538, 539, 466, 539, 540, 466, 540, 541, 466, 541, 542, 466, 542, 543, 466, 543, 544, 466, 544, 545, 466, 545, 546, 466, 546, 547, 466, 547, 548, 466, 548, 549, 466, 549, 550, 466, 550, 551, 466, 551, 552, 466, 552, 553, 466, 553, 554, 466, 554, 555, 466, 555, 556, 466, 556, 557, 466, 557, 558, 466, 558, 559, 466, 559, 560, 466, 560, 561, 466, 561, 562, 466, 562, 563, 466, 563, 564, 466, 564, 565, 466, 565, 566, 466, 566, 567, 466, 567, 568, 466, 568, 569, 466, 569, 570, 466, 570, 571, 466, 571, 572, 466, 572, 573, 466, 573, 574, 466, 574, 575, 466, 575, 576, 466, 576, 577, 466, 577, 578, 466, 578, 579, 466, 579, 580, 466, 580, 581, 466, 581, 582, 466, 582, 583, 466, 583, 584, 466, 584, 585, 466, 585, 586, 466, 586, 587, 466, 587, 588, 466, 588, 589, 466, 589, 590, 466, 590, 591, 466, 591, 592, 466, 592, 593, 466, 593, 594, 466, 594, 448]
                                point3f[] points = [(25, -2.925, 6.8), (25, -2.9249666, 6.7985806), (25, -2.9248638, 6.797138), (25, -2.9246886, 6.795677), (25, -2.9244373, 6.794203), (25, -2.9241445, 6.7928686), (25, -2.9238253, 6.7916656), (25, -2.9234524, 6.7904644), (25, -2.9230254, 6.789268), (25, -2.9225438, 6.78808), (25, -2.9220076, 6.7869043), (25, -2.921417, 6.785744), (25, -2.9207726, 6.7846036), (25, -2.9200752, 6.783486), (25, -2.9193263, 6.782395), (25, -2.9185274, 6.7813344), (25, -2.91768, 6.7803073), (25, -2.916787, 6.779317), (25, -2.9158502, 6.778366), (25, -2.9148724, 6.7774587), (25, -2.913857, 6.776596), (25, -2.912807, 6.7757807), (25, -2.9117255, 6.7750154), (25, -2.9106162, 6.774301), (25, -2.9094827, 6.7736387), (25, -2.9083285, 6.7730308), (25, -2.9071574, 6.772476), (25, -2.9059732, 6.771977), (25, -2.9047792, 6.771532), (25, -2.9035792, 6.7711415), (25, -2.9023767, 6.7708044), (25, -2.9011748, 6.7705207), (25, -2.8999767, 6.770289), (25, -2.8987858, 6.770108), (25, -2.8976047, 6.769976), (25, -2.8964357, 6.7698917), (25, -2.8952818, 6.769853), (25, -2.8941379, 6.7698584), (25, -2.89298, 6.769908), (25, -2.891808, 6.770004), (25, -2.8906243, 6.770148), (25, -2.8894312, 6.770341), (25, -2.888232, 6.770585), (25, -2.8870296, 6.7708817), (25, -2.8858275, 6.7712317), (25, -2.8846285, 6.7716355), (25, -2.8834367, 6.772094), (25, -2.8822553, 6.772607), (25, -2.881088, 6.7731743), (25, -2.8799384, 6.7737956), (25, -2.8788106, 6.7744703), (25, -2.8777077, 6.7751975), (25, -2.8766336, 6.775975), (25, -2.8755918, 6.776802), (25, -2.8745852, 6.777676), (25, -2.8736174, 6.7785945), (25, -2.872691, 6.779555), (25, -2.8718088, 6.780555), (25, -2.870973, 6.7815905), (25, -2.870186, 6.7826586), (25, -2.8694499, 6.7837567), (25, -2.8687654, 6.78488), (25, -2.868134, 6.786026), (25, -2.8675566, 6.7871904), (25, -2.8670337, 6.788369), (25, -2.8665652, 6.78956), (25, -2.8661516, 6.7907577), (25, -2.865792, 6.7919593), (25, -2.8654857, 6.793162), (25, -2.8652318, 6.794362), (25, -2.8650293, 6.795556), (25, -2.8648765, 6.796742), (25, -2.864772, 6.7979164), (25, -2.8647177, 6.7989645), (25, -2.8647, 6.8), (23, -2.925, 6.8), (23, -2.9249666, 6.7985806), (23, -2.9248638, 6.797138), (23, -2.9246886, 6.795677), (23, -2.9244373, 6.794203), (23, -2.9241445, 6.7928686), (23, -2.9238253, 6.7916656), (23, -2.9234524, 6.7904644), (23, -2.9230254, 6.789268), (23, -2.9225438, 6.78808), (23, -2.9220076, 6.7869043), (23, -2.921417, 6.785744), (23, -2.9207726, 6.7846036), (23, -2.9200752, 6.783486), (23, -2.9193263, 6.782395), (23, -2.9185274, 6.7813344), (23, -2.91768, 6.7803073), (23, -2.916787, 6.779317), (23, -2.9158502, 6.778366), (23, -2.9148724, 6.7774587), (23, -2.913857, 6.776596), (23, -2.912807, 6.7757807), (23, -2.9117255, 6.7750154), (23, -2.9106162, 6.774301), (23, -2.9094827, 6.7736387), (23, -2.9083285, 6.7730308), (23, -2.9071574, 6.772476), (23, -2.9059732, 6.771977), (23, -2.9047792, 6.771532), (23, -2.9035792, 6.7711415), (23, -2.9023767, 6.7708044), (23, -2.9011748, 6.7705207), (23, -2.8999767, 6.770289), (23, -2.8987858, 6.770108), (23, -2.8976047, 6.769976), (23, -2.8964357, 6.7698917), (23, -2.8952818, 6.769853), (23, -2.8941379, 6.7698584), (23, -2.89298, 6.769908), (23, -2.891808, 6.770004), (23, -2.8906243, 6.770148), (23, -2.8894312, 6.770341), (23, -2.888232, 6.770585), (23, -2.8870296, 6.7708817), (23, -2.8858275, 6.7712317), (23, -2.8846285, 6.7716355), (23, -2.8834367, 6.772094), (23, -2.8822553, 6.772607), (23, -2.881088, 6.7731743), (23, -2.8799384, 6.7737956), (23, -2.8788106, 6.7744703), (23, -2.8777077, 6.7751975), (23, -2.8766336, 6.775975), (23, -2.8755918, 6.776802), (23, -2.8745852, 6.777676), (23, -2.8736174, 6.7785945), (23, -2.872691, 6.779555), (23, -2.8718088, 6.780555), (23, -2.870973, 6.7815905), (23, -2.870186, 6.7826586), (23, -2.8694499, 6.7837567), (23, -2.8687654, 6.78488), (23, -2.868134, 6.786026), (23, -2.8675566, 6.7871904), (23, -2.8670337, 6.788369), (23, -2.8665652, 6.78956), (23, -2.8661516, 6.7907577), (23, -2.865792, 6.7919593), (23, -2.8654857, 6.793162), (23, -2.8652318, 6.794362), (23, -2.8650293, 6.795556), (23, -2.8648765, 6.796742), (23, -2.864772, 6.7979164), (23, -2.8647177, 6.7989645), (23, -2.8647, 6.8), (23, -2.8647, 6.8), (23, -2.8647335, 6.8014193), (23, -2.8648362, 6.8028617), (23, -2.8650115, 6.8043227), (23, -2.8652627, 6.8057976), (23, -2.8655555, 6.8071313), (23, -2.8658748, 6.8083344), (23, -2.8662477, 6.8095355), (23, -2.8666747, 6.810732), (23, -2.8671563, 6.8119197), (23, -2.8676925, 6.8130956), (23, -2.868283, 6.8142557), (23, -2.8689275, 6.8153963), (23, -2.8696249, 6.816514), (23, -2.8703737, 6.817605), (23, -2.8711727, 6.818666), (23, -2.87202, 6.819693), (23, -2.8729131, 6.8206835), (23, -2.8738499, 6.821634), (23, -2.8748274, 6.8225417), (23, -2.8758428, 6.8234043), (23, -2.876893, 6.824219), (23, -2.8779745, 6.8249846), (23, -2.8790836, 6.8256993), (23, -2.8802173, 6.826361), (23, -2.8813715, 6.8269696), (23, -2.8825426, 6.8275237), (23, -2.8837268, 6.828023), (23, -2.8849208, 6.8284683), (23, -2.8861208, 6.828859), (23, -2.8873234, 6.8291955), (23, -2.8885252, 6.829479), (23, -2.889723, 6.829711), (23, -2.8909142, 6.829892), (23, -2.8920953, 6.830024), (23, -2.8932643, 6.830108), (23, -2.8944182, 6.830147), (23, -2.8955622, 6.8301415), (23, -2.89672, 6.830092), (23, -2.897892, 6.829996), (23, -2.8990757, 6.8298526), (23, -2.9002688, 6.829659), (23, -2.901468, 6.829415), (23, -2.9026704, 6.8291183), (23, -2.9038725, 6.8287683), (23, -2.9050715, 6.8283644), (23, -2.9062634, 6.827906), (23, -2.9074447, 6.8273935), (23, -2.908612, 6.826826), (23, -2.9097614, 6.8262043), (23, -2.9108894, 6.8255296), (23, -2.9119923, 6.8248024), (23, -2.9130664, 6.8240247), (23, -2.9141083, 6.823198), (23, -2.9151149, 6.822324), (23, -2.9160826, 6.8214054), (23, -2.917009, 6.820445), (23, -2.9178913, 6.8194456), (23, -2.918727, 6.81841), (23, -2.9195137, 6.8173413), (23, -2.9202502, 6.8162436), (23, -2.9209347, 6.8151197), (23, -2.921566, 6.813974), (23, -2.9221435, 6.81281), (23, -2.9226663, 6.8116307), (23, -2.9231346, 6.8104405), (23, -2.9235485, 6.8092427), (23, -2.923908, 6.8080406), (23, -2.9242144, 6.806838), (23, -2.924468, 6.805638), (23, -2.9246707, 6.804444), (23, -2.9248235, 6.803258), (23, -2.924928, 6.8020835), (23, -2.9249823, 6.8010354), (23, -2.925, 6.8), (25, -2.925, 6.8), (25, -2.8647, 6.8), (25, -2.8647335, 6.8014193), (25, -2.8648362, 6.8028617), (25, -2.8650115, 6.8043227), (25, -2.8652627, 6.8057976), (25, -2.8655555, 6.8071313), (25, -2.8658748, 6.8083344), (25, -2.8662477, 6.8095355), (25, -2.8666747, 6.810732), (25, -2.8671563, 6.8119197), (25, -2.8676925, 6.8130956), (25, -2.868283, 6.8142557), (25, -2.8689275, 6.8153963), (25, -2.8696249, 6.816514), (25, -2.8703737, 6.817605), (25, -2.8711727, 6.818666), (25, -2.87202, 6.819693), (25, -2.8729131, 6.8206835), (25, -2.8738499, 6.821634), (25, -2.8748274, 6.8225417), (25, -2.8758428, 6.8234043), (25, -2.876893, 6.824219), (25, -2.8779745, 6.8249846), (25, -2.8790836, 6.8256993), (25, -2.8802173, 6.826361), (25, -2.8813715, 6.8269696), (25, -2.8825426, 6.8275237), (25, -2.8837268, 6.828023), (25, -2.8849208, 6.8284683), (25, -2.8861208, 6.828859), (25, -2.8873234, 6.8291955), (25, -2.8885252, 6.829479), (25, -2.889723, 6.829711), (25, -2.8909142, 6.829892), (25, -2.8920953, 6.830024), (25, -2.8932643, 6.830108), (25, -2.8944182, 6.830147), (25, -2.8955622, 6.8301415), (25, -2.89672, 6.830092), (25, -2.897892, 6.829996), (25, -2.8990757, 6.8298526), (25, -2.9002688, 6.829659), (25, -2.901468, 6.829415), (25, -2.9026704, 6.8291183), (25, -2.9038725, 6.8287683), (25, -2.9050715, 6.8283644), (25, -2.9062634, 6.827906), (25, -2.9074447, 6.8273935), (25, -2.908612, 6.826826), (25, -2.9097614, 6.8262043), (25, -2.9108894, 6.8255296), (25, -2.9119923, 6.8248024), (25, -2.9130664, 6.8240247), (25, -2.9141083, 6.823198), (25, -2.9151149, 6.822324), (25, -2.9160826, 6.8214054), (25, -2.917009, 6.820445), (25, -2.9178913, 6.8194456), (25, -2.918727, 6.81841), (25, -2.9195137, 6.8173413), (25, -2.9202502, 6.8162436), (25, -2.9209347, 6.8151197), (25, -2.921566, 6.813974), (25, -2.9221435, 6.81281), (25, -2.9226663, 6.8116307), (25, -2.9231346, 6.8104405), (25, -2.9235485, 6.8092427), (25, -2.923908, 6.8080406), (25, -2.9242144, 6.806838), (25, -2.924468, 6.805638), (25, -2.9246707, 6.804444), (25, -2.9248235, 6.803258), (25, -2.924928, 6.8020835), (25, -2.9249823, 6.8010354), (23, -2.8647, 6.8), (23, -2.8647335, 6.8014193), (23, -2.8648362, 6.8028617), (23, -2.8650115, 6.8043227), (23, -2.8652627, 6.8057976), (23, -2.8655555, 6.8071313), (23, -2.8658748, 6.8083344), (23, -2.8662477, 6.8095355), (23, -2.8666747, 6.810732), (23, -2.8671563, 6.8119197), (23, -2.8676925, 6.8130956), (23, -2.868283, 6.8142557), (23, -2.8689275, 6.8153963), (23, -2.8696249, 6.816514), (23, -2.8703737, 6.817605), (23, -2.8711727, 6.818666), (23, -2.87202, 6.819693), (23, -2.8729131, 6.8206835), (23, -2.8738499, 6.821634), (23, -2.8748274, 6.8225417), (23, -2.8758428, 6.8234043), (23, -2.876893, 6.824219), (23, -2.8779745, 6.8249846), (23, -2.8790836, 6.8256993), (23, -2.8802173, 6.826361), (23, -2.8813715, 6.8269696), (23, -2.8825426, 6.8275237), (23, -2.8837268, 6.828023), (23, -2.8849208, 6.8284683), (23, -2.8861208, 6.828859), (23, -2.8873234, 6.8291955), (23, -2.8885252, 6.829479), (23, -2.889723, 6.829711), (23, -2.8909142, 6.829892), (23, -2.8920953, 6.830024), (23, -2.8932643, 6.830108), (23, -2.8944182, 6.830147), (23, -2.8955622, 6.8301415), (23, -2.89672, 6.830092), (23, -2.897892, 6.829996), (23, -2.8990757, 6.8298526), (23, -2.9002688, 6.829659), (23, -2.901468, 6.829415), (23, -2.9026704, 6.8291183), (23, -2.9038725, 6.8287683), (23, -2.9050715, 6.8283644), (23, -2.9062634, 6.827906), (23, -2.9074447, 6.8273935), (23, -2.908612, 6.826826), (23, -2.9097614, 6.8262043), (23, -2.9108894, 6.8255296), (23, -2.9119923, 6.8248024), (23, -2.9130664, 6.8240247), (23, -2.9141083, 6.823198), (23, -2.9151149, 6.822324), (23, -2.9160826, 6.8214054), (23, -2.917009, 6.820445), (23, -2.9178913, 6.8194456), (23, -2.918727, 6.81841), (23, -2.9195137, 6.8173413), (23, -2.9202502, 6.8162436), (23, -2.9209347, 6.8151197), (23, -2.921566, 6.813974), (23, -2.9221435, 6.81281), (23, -2.9226663, 6.8116307), (23, -2.9231346, 6.8104405), (23, -2.9235485, 6.8092427), (23, -2.923908, 6.8080406), (23, -2.9242144, 6.806838), (23, -2.924468, 6.805638), (23, -2.9246707, 6.804444), (23, -2.9248235, 6.803258), (23, -2.924928, 6.8020835), (23, -2.9249823, 6.8010354), (23, -2.925, 6.8), (23, -2.9249666, 6.7985806), (23, -2.9248638, 6.797138), (23, -2.9246886, 6.795677), (23, -2.9244373, 6.794203), (23, -2.9241445, 6.7928686), (23, -2.9238253, 6.7916656), (23, -2.9234524, 6.7904644), (23, -2.9230254, 6.789268), (23, -2.9225438, 6.78808), (23, -2.9220076, 6.7869043), (23, -2.921417, 6.785744), (23, -2.9207726, 6.7846036), (23, -2.9200752, 6.783486), (23, -2.9193263, 6.782395), (23, -2.9185274, 6.7813344), (23, -2.91768, 6.7803073), (23, -2.916787, 6.779317), (23, -2.9158502, 6.778366), (23, -2.9148724, 6.7774587), (23, -2.913857, 6.776596), (23, -2.912807, 6.7757807), (23, -2.9117255, 6.7750154), (23, -2.9106162, 6.774301), (23, -2.9094827, 6.7736387), (23, -2.9083285, 6.7730308), (23, -2.9071574, 6.772476), (23, -2.9059732, 6.771977), (23, -2.9047792, 6.771532), (23, -2.9035792, 6.7711415), (23, -2.9023767, 6.7708044), (23, -2.9011748, 6.7705207), (23, -2.8999767, 6.770289), (23, -2.8987858, 6.770108), (23, -2.8976047, 6.769976), (23, -2.8964357, 6.7698917), (23, -2.8952818, 6.769853), (23, -2.8941379, 6.7698584), (23, -2.89298, 6.769908), (23, -2.891808, 6.770004), (23, -2.8906243, 6.770148), (23, -2.8894312, 6.770341), (23, -2.888232, 6.770585), (23, -2.8870296, 6.7708817), (23, -2.8858275, 6.7712317), (23, -2.8846285, 6.7716355), (23, -2.8834367, 6.772094), (23, -2.8822553, 6.772607), (23, -2.881088, 6.7731743), (23, -2.8799384, 6.7737956), (23, -2.8788106, 6.7744703), (23, -2.8777077, 6.7751975), (23, -2.8766336, 6.775975), (23, -2.8755918, 6.776802), (23, -2.8745852, 6.777676), (23, -2.8736174, 6.7785945), (23, -2.872691, 6.779555), (23, -2.8718088, 6.780555), (23, -2.870973, 6.7815905), (23, -2.870186, 6.7826586), (23, -2.8694499, 6.7837567), (23, -2.8687654, 6.78488), (23, -2.868134, 6.786026), (23, -2.8675566, 6.7871904), (23, -2.8670337, 6.788369), (23, -2.8665652, 6.78956), (23, -2.8661516, 6.7907577), (23, -2.865792, 6.7919593), (23, -2.8654857, 6.793162), (23, -2.8652318, 6.794362), (23, -2.8650293, 6.795556), (23, -2.8648765, 6.796742), (23, -2.864772, 6.7979164), (23, -2.8647177, 6.7989645), (25, -2.8647, 6.8), (25, -2.8647335, 6.8014193), (25, -2.8648362, 6.8028617), (25, -2.8650115, 6.8043227), (25, -2.8652627, 6.8057976), (25, -2.8655555, 6.8071313), (25, -2.8658748, 6.8083344), (25, -2.8662477, 6.8095355), (25, -2.8666747, 6.810732), (25, -2.8671563, 6.8119197), (25, -2.8676925, 6.8130956), (25, -2.868283, 6.8142557), (25, -2.8689275, 6.8153963), (25, -2.8696249, 6.816514), (25, -2.8703737, 6.817605), (25, -2.8711727, 6.818666), (25, -2.87202, 6.819693), (25, -2.8729131, 6.8206835), (25, -2.8738499, 6.821634), (25, -2.8748274, 6.8225417), (25, -2.8758428, 6.8234043), (25, -2.876893, 6.824219), (25, -2.8779745, 6.8249846), (25, -2.8790836, 6.8256993), (25, -2.8802173, 6.826361), (25, -2.8813715, 6.8269696), (25, -2.8825426, 6.8275237), (25, -2.8837268, 6.828023), (25, -2.8849208, 6.8284683), (25, -2.8861208, 6.828859), (25, -2.8873234, 6.8291955), (25, -2.8885252, 6.829479), (25, -2.889723, 6.829711), (25, -2.8909142, 6.829892), (25, -2.8920953, 6.830024), (25, -2.8932643, 6.830108), (25, -2.8944182, 6.830147), (25, -2.8955622, 6.8301415), (25, -2.89672, 6.830092), (25, -2.897892, 6.829996), (25, -2.8990757, 6.8298526), (25, -2.9002688, 6.829659), (25, -2.901468, 6.829415), (25, -2.9026704, 6.8291183), (25, -2.9038725, 6.8287683), (25, -2.9050715, 6.8283644), (25, -2.9062634, 6.827906), (25, -2.9074447, 6.8273935), (25, -2.908612, 6.826826), (25, -2.9097614, 6.8262043), (25, -2.9108894, 6.8255296), (25, -2.9119923, 6.8248024), (25, -2.9130664, 6.8240247), (25, -2.9141083, 6.823198), (25, -2.9151149, 6.822324), (25, -2.9160826, 6.8214054), (25, -2.917009, 6.820445), (25, -2.9178913, 6.8194456), (25, -2.918727, 6.81841), (25, -2.9195137, 6.8173413), (25, -2.9202502, 6.8162436), (25, -2.9209347, 6.8151197), (25, -2.921566, 6.813974), (25, -2.9221435, 6.81281), (25, -2.9226663, 6.8116307), (25, -2.9231346, 6.8104405), (25, -2.9235485, 6.8092427), (25, -2.923908, 6.8080406), (25, -2.9242144, 6.806838), (25, -2.924468, 6.805638), (25, -2.9246707, 6.804444), (25, -2.9248235, 6.803258), (25, -2.924928, 6.8020835), (25, -2.9249823, 6.8010354), (25, -2.925, 6.8), (25, -2.9249666, 6.7985806), (25, -2.9248638, 6.797138), (25, -2.9246886, 6.795677), (25, -2.9244373, 6.794203), (25, -2.9241445, 6.7928686), (25, -2.9238253, 6.7916656), (25, -2.9234524, 6.7904644), (25, -2.9230254, 6.789268), (25, -2.9225438, 6.78808), (25, -2.9220076, 6.7869043), (25, -2.921417, 6.785744), (25, -2.9207726, 6.7846036), (25, -2.9200752, 6.783486), (25, -2.9193263, 6.782395), (25, -2.9185274, 6.7813344), (25, -2.91768, 6.7803073), (25, -2.916787, 6.779317), (25, -2.9158502, 6.778366), (25, -2.9148724, 6.7774587), (25, -2.913857, 6.776596), (25, -2.912807, 6.7757807), (25, -2.9117255, 6.7750154), (25, -2.9106162, 6.774301), (25, -2.9094827, 6.7736387), (25, -2.9083285, 6.7730308), (25, -2.9071574, 6.772476), (25, -2.9059732, 6.771977), (25, -2.9047792, 6.771532), (25, -2.9035792, 6.7711415), (25, -2.9023767, 6.7708044), (25, -2.9011748, 6.7705207), (25, -2.8999767, 6.770289), (25, -2.8987858, 6.770108), (25, -2.8976047, 6.769976), (25, -2.8964357, 6.7698917), (25, -2.8952818, 6.769853), (25, -2.8941379, 6.7698584), (25, -2.89298, 6.769908), (25, -2.891808, 6.770004), (25, -2.8906243, 6.770148), (25, -2.8894312, 6.770341), (25, -2.888232, 6.770585), (25, -2.8870296, 6.7708817), (25, -2.8858275, 6.7712317), (25, -2.8846285, 6.7716355), (25, -2.8834367, 6.772094), (25, -2.8822553, 6.772607), (25, -2.881088, 6.7731743), (25, -2.8799384, 6.7737956), (25, -2.8788106, 6.7744703), (25, -2.8777077, 6.7751975), (25, -2.8766336, 6.775975), (25, -2.8755918, 6.776802), (25, -2.8745852, 6.777676), (25, -2.8736174, 6.7785945), (25, -2.872691, 6.779555), (25, -2.8718088, 6.780555), (25, -2.870973, 6.7815905), (25, -2.870186, 6.7826586), (25, -2.8694499, 6.7837567), (25, -2.8687654, 6.78488), (25, -2.868134, 6.786026), (25, -2.8675566, 6.7871904), (25, -2.8670337, 6.788369), (25, -2.8665652, 6.78956), (25, -2.8661516, 6.7907577), (25, -2.865792, 6.7919593), (25, -2.8654857, 6.793162), (25, -2.8652318, 6.794362), (25, -2.8650293, 6.795556), (25, -2.8648765, 6.796742), (25, -2.864772, 6.7979164), (25, -2.8647177, 6.7989645)]
                                color3f[] primvars:displayColor = [(0.72, 0.77, 0.8)]
                                uniform token purpose = "proxy"
                                uniform token subdivisionScheme = "none"
                                uniform token subsetFamily:materialBind:familyType = "partition"
                                matrix4d xformOp:transform = ( (1, 0, 0, 0), (0, 1, 0, 0), (0, 0, 1, 0), (0, 0, 0, 1) )
                                uniform token[] xformOpOrder = ["xformOp:transform"]

                                def GeomSubset "Material_0" (
                                    prepend apiSchemas = ["MaterialBindingAPI"]
                                )
                                {
                                    uniform token elementType = "face"
                                    uniform token familyName = "materialBind"
                                    int[] indices = [0, 1, 2, 3, 4, 5, 6, 7, 8, 9, 10, 11, 12, 13, 14, 15, 16, 17, 18, 19, 20, 21, 22, 23, 24, 25, 26, 27, 28, 29, 30, 31, 32, 33, 34, 35, 36, 37, 38, 39, 40, 41, 42, 43, 44, 45, 46, 47, 48, 49, 50, 51, 52, 53, 54, 55, 56, 57, 58, 59, 60, 61, 62, 63, 64, 65, 66, 67, 68, 69, 70, 71, 72, 73, 74, 75, 76, 77, 78, 79, 80, 81, 82, 83, 84, 85, 86, 87, 88, 89, 90, 91, 92, 93, 94, 95, 96, 97, 98, 99, 100, 101, 102, 103, 104, 105, 106, 107, 108, 109, 110, 111, 112, 113, 114, 115, 116, 117, 118, 119, 120, 121, 122, 123, 124, 125, 126, 127, 128, 129, 130, 131, 132, 133, 134, 135, 136, 137, 138, 139, 140, 141, 142, 143, 144, 145, 146, 147, 148, 149, 150, 151, 152, 153, 154, 155, 156, 157, 158, 159, 160, 161, 162, 163, 164, 165, 166, 167, 168, 169, 170, 171, 172, 173, 174, 175, 176, 177, 178, 179, 180, 181, 182, 183, 184, 185, 186, 187, 188, 189, 190, 191, 192, 193, 194, 195, 196, 197, 198, 199, 200, 201, 202, 203, 204, 205, 206, 207, 208, 209, 210, 211, 212, 213, 214, 215, 216, 217, 218, 219, 220, 221, 222, 223, 224, 225, 226, 227, 228, 229, 230, 231, 232, 233, 234, 235, 236, 237, 238, 239, 240, 241, 242, 243, 244, 245, 246, 247, 248, 249, 250, 251, 252, 253, 254, 255, 256, 257, 258, 259, 260, 261, 262, 263, 264, 265, 266, 267, 268, 269, 270, 271, 272, 273, 274, 275, 276, 277, 278, 279, 280, 281, 282, 283, 284, 285, 286, 287, 288, 289, 290, 291, 292, 293, 294, 295, 296, 297, 298, 299, 300, 301, 302, 303, 304, 305, 306, 307, 308, 309, 310, 311, 312, 313, 314, 315, 316, 317, 318, 319, 320, 321, 322, 323, 324, 325, 326, 327, 328, 329, 330, 331, 332, 333, 334, 335, 336, 337, 338, 339, 340, 341, 342, 343, 344, 345, 346, 347, 348, 349, 350, 351, 352, 353, 354, 355, 356, 357, 358, 359, 360, 361, 362, 363, 364, 365, 366, 367, 368, 369, 370, 371, 372, 373, 374, 375, 376, 377, 378, 379, 380, 381, 382, 383, 384, 385, 386, 387, 388, 389, 390, 391, 392, 393, 394, 395, 396, 397, 398, 399, 400, 401, 402, 403, 404, 405, 406, 407, 408, 409, 410, 411, 412, 413, 414, 415, 416, 417, 418, 419, 420, 421, 422, 423, 424, 425, 426, 427, 428, 429, 430, 431, 432, 433, 434, 435, 436, 437, 438, 439, 440, 441, 442, 443, 444, 445, 446, 447, 448, 449, 450, 451, 452, 453, 454, 455, 456, 457, 458, 459, 460, 461, 462, 463, 464, 465, 466, 467, 468, 469, 470, 471, 472, 473, 474, 475, 476, 477, 478, 479, 480, 481, 482, 483, 484, 485, 486, 487, 488, 489, 490, 491, 492, 493, 494, 495, 496, 497, 498, 499, 500, 501, 502, 503, 504, 505, 506, 507, 508, 509, 510, 511, 512, 513, 514, 515, 516, 517, 518, 519, 520, 521, 522, 523, 524, 525, 526, 527, 528, 529, 530, 531, 532, 533, 534, 535, 536, 537, 538, 539, 540, 541, 542, 543, 544, 545, 546, 547, 548, 549, 550, 551, 552, 553, 554, 555, 556, 557, 558, 559, 560, 561, 562, 563, 564, 565, 566, 567, 568, 569, 570, 571, 572, 573, 574, 575, 576, 577, 578, 579, 580, 581, 582, 583, 584, 585, 586, 587]
                                    rel material:binding = </ExactMaterials/m_9a001bef363f28cc>
                                }
                            }

                            def BasisCurves "Edges" (
                                prepend apiSchemas = ["AecoDerivedGeometryAPI"]
                            )
                            {
                                uniform token aeco:derived:approx = "arcSegmented"
                                rel aeco:derived:from = </demo_datacentre_01/demo_datacentre_01_Site/demo_datacentre_01/L01_Office/Office_Corridor_L01/Corridor_ceiling_void/pipe_clash_tangent/BodyExact>
                                uniform token aeco:derived:role = "wireframe"
                                string aeco:derived:source = "f48386c3-5bfd-55b0-8010-7c0321905d51"
                                string aeco:derived:stamp = "aeco-ifc-exact 0.2.0 source=9d7619c4f6d154bf2af44b6dda1b917e320b504e84d4fdd6b6e19ae3bd598913"
                                double aeco:derived:tolerance = 0.0001
                                int[] curveVertexCounts = [33, 2, 33, 2, 33, 33]
                                point3f[] points = [(25, -2.925, 6.8), (25, -2.9248781, 6.797291), (25, -2.9244967, 6.7945137), (25, -2.9238362, 6.791704), (25, -2.922883, 6.788902), (25, -2.9216318, 6.7861524), (25, -2.9200854, 6.7835016), (25, -2.918257, 6.7809963), (25, -2.9161692, 6.778681), (25, -2.9138534, 6.7765927), (25, -2.9113483, 6.7747645), (25, -2.9086978, 6.773218), (25, -2.9059482, 6.771967), (25, -2.903146, 6.7710137), (25, -2.9003363, 6.7703533), (25, -2.8975592, 6.769972), (25, -2.89485, 6.76985), (25, -2.8921409, 6.769972), (25, -2.8893638, 6.7703533), (25, -2.886554, 6.7710137), (25, -2.8837519, 6.771967), (25, -2.8810022, 6.773218), (25, -2.8783517, 6.7747645), (25, -2.8758466, 6.7765927), (25, -2.8735306, 6.778681), (25, -2.871443, 6.7809963), (25, -2.8696146, 6.7835016), (25, -2.8680682, 6.7861524), (25, -2.866817, 6.788902), (25, -2.8658638, 6.791704), (25, -2.8652034, 6.7945137), (25, -2.864822, 6.797291), (25, -2.8647, 6.8), (25, -2.925, 6.8), (23, -2.925, 6.8), (23, -2.925, 6.8), (23, -2.9248781, 6.797291), (23, -2.9244967, 6.7945137), (23, -2.9238362, 6.791704), (23, -2.922883, 6.788902), (23, -2.9216318, 6.7861524), (23, -2.9200854, 6.7835016), (23, -2.918257, 6.7809963), (23, -2.9161692, 6.778681), (23, -2.9138534, 6.7765927), (23, -2.9113483, 6.7747645), (23, -2.9086978, 6.773218), (23, -2.9059482, 6.771967), (23, -2.903146, 6.7710137), (23, -2.9003363, 6.7703533), (23, -2.8975592, 6.769972), (23, -2.89485, 6.76985), (23, -2.8921409, 6.769972), (23, -2.8893638, 6.7703533), (23, -2.886554, 6.7710137), (23, -2.8837519, 6.771967), (23, -2.8810022, 6.773218), (23, -2.8783517, 6.7747645), (23, -2.8758466, 6.7765927), (23, -2.8735306, 6.778681), (23, -2.871443, 6.7809963), (23, -2.8696146, 6.7835016), (23, -2.8680682, 6.7861524), (23, -2.866817, 6.788902), (23, -2.8658638, 6.791704), (23, -2.8652034, 6.7945137), (23, -2.864822, 6.797291), (23, -2.8647, 6.8), (23, -2.8647, 6.8), (25, -2.8647, 6.8), (23, -2.8647, 6.8), (23, -2.864822, 6.802709), (23, -2.8652034, 6.805486), (23, -2.8658638, 6.808296), (23, -2.866817, 6.811098), (23, -2.8680682, 6.8138475), (23, -2.8696146, 6.8164983), (23, -2.871443, 6.8190036), (23, -2.8735306, 6.821319), (23, -2.8758466, 6.823407), (23, -2.8783517, 6.8252354), (23, -2.8810022, 6.8267817), (23, -2.8837519, 6.828033), (23, -2.886554, 6.828986), (23, -2.8893638, 6.8296466), (23, -2.8921409, 6.830028), (23, -2.89485, 6.83015), (23, -2.8975592, 6.830028), (23, -2.9003363, 6.8296466), (23, -2.903146, 6.828986), (23, -2.9059482, 6.828033), (23, -2.9086978, 6.8267817), (23, -2.9113483, 6.8252354), (23, -2.9138534, 6.823407), (23, -2.9161692, 6.821319), (23, -2.918257, 6.8190036), (23, -2.9200854, 6.8164983), (23, -2.9216318, 6.8138475), (23, -2.922883, 6.811098), (23, -2.9238362, 6.808296), (23, -2.9244967, 6.805486), (23, -2.9248781, 6.802709), (23, -2.925, 6.8), (25, -2.8647, 6.8), (25, -2.864822, 6.802709), (25, -2.8652034, 6.805486), (25, -2.8658638, 6.808296), (25, -2.866817, 6.811098), (25, -2.8680682, 6.8138475), (25, -2.8696146, 6.8164983), (25, -2.871443, 6.8190036), (25, -2.8735306, 6.821319), (25, -2.8758466, 6.823407), (25, -2.8783517, 6.8252354), (25, -2.8810022, 6.8267817), (25, -2.8837519, 6.828033), (25, -2.886554, 6.828986), (25, -2.8893638, 6.8296466), (25, -2.8921409, 6.830028), (25, -2.89485, 6.83015), (25, -2.8975592, 6.830028), (25, -2.9003363, 6.8296466), (25, -2.903146, 6.828986), (25, -2.9059482, 6.828033), (25, -2.9086978, 6.8267817), (25, -2.9113483, 6.8252354), (25, -2.9138534, 6.823407), (25, -2.9161692, 6.821319), (25, -2.918257, 6.8190036), (25, -2.9200854, 6.8164983), (25, -2.9216318, 6.8138475), (25, -2.922883, 6.811098), (25, -2.9238362, 6.808296), (25, -2.9244967, 6.805486), (25, -2.9248781, 6.802709), (25, -2.925, 6.8)]
                                color3f[] primvars:displayColor = [(0.04, 0.08, 0.12)]
                                uniform token purpose = "guide"
                                uniform token type = "linear"
                                float[] widths = [0.004] (
                                    interpolation = "constant"
                                )
                                uniform token wrap = "nonperiodic"
                                matrix4d xformOp:transform = ( (1, 0, 0, 0), (0, 1, 0, 0), (0, 0, 1, 0), (0, 0, 0, 1) )
                                uniform token[] xformOpOrder = ["xformOp:transform"]
                            }

                            over "Geom"
                            {
                                token visibility = "invisible"
                            }
                        }
                    }
                }

                def "wall_l1_h_007"
                {
                    def Mesh "Body" (
                        prepend apiSchemas = ["AecoDerivedGeometryAPI"]
                    )
                    {
                        uniform token aeco:derived:approx = "tessellated"
                        rel aeco:derived:from = </demo_datacentre_01/demo_datacentre_01_Site/demo_datacentre_01/L01_Office/wall_l1_h_007/BodyExact>
                        uniform token aeco:derived:role = "body"
                        string aeco:derived:source = "51468e7f-5fca-54c5-9547-9c7f5cb51055"
                        string aeco:derived:stamp = "aeco-ifc-exact 0.2.0 source=d7b73d9fd4b0e3efe34db49a9b2d8ffc7dea0aa5429fa827919af4040366b238"
                        double aeco:derived:tolerance = 0.0001
                        uniform bool doubleSided = 1
                        float3[] extent = [(0, -0.075, -6.3111737e-17), (4, 0.075, 3)]
                        int[] faceVertexCounts = [3, 3, 3, 3, 3, 3, 3, 3, 3, 3, 3, 3, 3, 3, 3, 3, 3, 3, 3, 3, 3, 3, 3, 3, 3, 3, 3, 3]
                        int[] faceVertexIndices = [1, 0, 3, 2, 1, 3, 7, 4, 5, 7, 5, 6, 11, 8, 9, 11, 9, 10, 14, 12, 13, 15, 12, 14, 17, 16, 19, 18, 17, 19, 20, 21, 23, 22, 20, 23, 27, 24, 25, 27, 25, 26, 31, 28, 29, 31, 29, 30, 33, 34, 39, 35, 38, 39, 35, 39, 34, 32, 33, 39, 36, 37, 38, 36, 38, 35, 47, 42, 40, 47, 46, 43, 42, 47, 43, 47, 40, 41, 46, 45, 44, 43, 46, 44]
                        point3f[] points = [(4, -0.075, 0), (4, 0.075, 0), (2.45, 0.075, 0), (2.45, -0.075, 0), (2.45, -0.075, 2.1), (2.45, 0.075, 2.1), (2.45, 0.075, 0), (2.45, -0.075, 0), (1.55, -0.075, 2.1), (1.55, 0.075, 2.1), (2.45, 0.075, 2.1), (2.45, -0.075, 2.1), (1.55, -0.075, -6.3111737e-17), (1.55, 0.075, -6.3111737e-17), (1.55, 0.075, 2.1), (1.55, -0.075, 2.1), (1.55, -0.075, -6.3111737e-17), (1.55, 0.075, -6.3111737e-17), (0, 0.075, 0), (0, -0.075, 0), (0, 0.075, 0), (0, -0.075, 0), (0, 0.075, 3), (0, -0.075, 3), (4, -0.075, 3), (4, 0.075, 3), (0, 0.075, 3), (0, -0.075, 3), (4, -0.075, 0), (4, 0.075, 0), (4, 0.075, 3), (4, -0.075, 3), (2.45, -0.075, 0), (4, -0.075, 0), (4, -0.075, 3), (0, -0.075, 3), (0, -0.075, 0), (1.55, -0.075, -6.3111737e-17), (1.55, -0.075, 2.1), (2.45, -0.075, 2.1), (4, 0.075, 0), (2.45, 0.075, 0), (4, 0.075, 3), (0, 0.075, 3), (0, 0.075, 0), (1.55, 0.075, -6.3111737e-17), (1.55, 0.075, 2.1), (2.45, 0.075, 2.1)]
                        color3f[] primvars:displayColor = [(0.86, 0.86, 0.84)]
                        uniform token purpose = "proxy"
                        uniform token subdivisionScheme = "none"
                        uniform token subsetFamily:materialBind:familyType = "partition"
                        matrix4d xformOp:transform = ( (1, 0, 0, 0), (0, 1, 0, 0), (0, 0, 1, 0), (0, 0, 0, 1) )
                        uniform token[] xformOpOrder = ["xformOp:transform"]

                        def GeomSubset "Material_0" (
                            prepend apiSchemas = ["MaterialBindingAPI"]
                        )
                        {
                            uniform token elementType = "face"
                            uniform token familyName = "materialBind"
                            int[] indices = [0, 1, 2, 3, 4, 5, 6, 7, 8, 9, 10, 11, 12, 13, 14, 15, 16, 17, 18, 19, 20, 21, 22, 23, 24, 25, 26, 27]
                            rel material:binding = </ExactMaterials/m_1792dfc0fb70eaed>
                        }
                    }

                    def BasisCurves "Edges" (
                        prepend apiSchemas = ["AecoDerivedGeometryAPI"]
                    )
                    {
                        uniform token aeco:derived:approx = "arcSegmented"
                        rel aeco:derived:from = </demo_datacentre_01/demo_datacentre_01_Site/demo_datacentre_01/L01_Office/wall_l1_h_007/BodyExact>
                        uniform token aeco:derived:role = "wireframe"
                        string aeco:derived:source = "51468e7f-5fca-54c5-9547-9c7f5cb51055"
                        string aeco:derived:stamp = "aeco-ifc-exact 0.2.0 source=d7b73d9fd4b0e3efe34db49a9b2d8ffc7dea0aa5429fa827919af4040366b238"
                        double aeco:derived:tolerance = 0.0001
                        int[] curveVertexCounts = [2, 2, 2, 2, 2, 2, 2, 2, 2, 2, 2, 2, 2, 2, 2, 2, 2, 2, 2, 2, 2, 2, 2, 2]
                        point3f[] points = [(4, -0.075, 0), (4, 0.075, 0), (4, 0.075, 0), (2.45, 0.075, 0), (2.45, 0.075, 0), (2.45, -0.075, 0), (2.45, -0.075, 0), (4, -0.075, 0), (2.45, -0.075, 2.1), (2.45, 0.075, 2.1), (2.45, 0.075, 2.1), (2.45, 0.075, 0), (2.45, -0.075, 0), (2.45, -0.075, 2.1), (1.55, -0.075, 2.1), (1.55, 0.075, 2.1), (1.55, 0.075, 2.1), (2.45, 0.075, 2.1), (2.45, -0.075, 2.1), (1.55, -0.075, 2.1), (1.55, -0.075, -2.220446e-16), (1.55, 0.075, -2.220446e-16), (1.55, 0.075, 0), (1.55, 0.075, 2.1), (1.55, -0.075, 2.1), (1.55, -0.075, 0), (1.55, 0.075, 0), (0, 0.075, 0), (0, 0.075, 0), (0, -0.075, 0), (0, -0.075, 0), (1.55, -0.075, 0), (0, 0.075, 0), (0, 0.075, 3), (0, 0.075, 3), (0, -0.075, 3), (0, -0.075, 3), (0, -0.075, 0), (4, -0.075, 3), (4, 0.075, 3), (4, 0.075, 3), (0, 0.075, 3), (0, -0.075, 3), (4, -0.075, 3), (4, 0.075, 0), (4, 0.075, 3), (4, -0.075, 3), (4, -0.075, 0)]
                        color3f[] primvars:displayColor = [(0.04, 0.08, 0.12)]
                        uniform token purpose = "guide"
                        uniform token type = "linear"
                        float[] widths = [0.004] (
                            interpolation = "constant"
                        )
                        uniform token wrap = "nonperiodic"
                        matrix4d xformOp:transform = ( (1, 0, 0, 0), (0, 1, 0, 0), (0, 0, 1, 0), (0, 0, 0, 1) )
                        uniform token[] xformOpOrder = ["xformOp:transform"]
                    }

                    over "Geom"
                    {
                        token visibility = "invisible"
                    }
                }
            }
        }
    }
}

def "ExactMaterials"
{
    def Material "m_9a001bef363f28cc"
    {
        token outputs:surface.connect = </ExactMaterials/m_9a001bef363f28cc/Preview.outputs:surface>

        def Shader "Preview"
        {
            uniform token info:id = "UsdPreviewSurface"
            color3f inputs:diffuseColor = (0.72, 0.77, 0.8)
            float inputs:opacity = 1
            token outputs:surface
        }
    }

    def Material "m_1792dfc0fb70eaed"
    {
        token outputs:surface.connect = </ExactMaterials/m_1792dfc0fb70eaed/Preview.outputs:surface>

        def Shader "Preview"
        {
            uniform token info:id = "UsdPreviewSurface"
            color3f inputs:diffuseColor = (0.86, 0.86, 0.84)
            float inputs:opacity = 1
            token outputs:surface
        }
    }
}

